사고 발생 건수,행정동,기간,강수일수,안개일수,눈일수,강수량(mm),가중교통량,신호기,유동인구,면적
3,건입동,201801,18,0,12,58.0,860.73,15.0,341251.68,2.53
6,건입동,201802,11,0,8,86.6,860.73,15.0,342506.89,2.53
7,건입동,201803,10,2,0,118.0,860.73,15.0,327685.1,2.53
2,건입동,201804,8,0,1,112.5,860.73,15.0,333694.03,2.53
6,건입동,201805,12,4,0,98.8,860.73,15.0,333584.71,2.53
11,건입동,201806,12,0,0,211.1,860.73,15.0,332058.93,2.53
7,건입동,201807,6,0,0,48.7,860.73,15.0,318676.16,2.53
11,건입동,201808,10,0,0,376.5,860.73,15.0,316338.61,2.53
7,건입동,201809,13,0,0,187.7,860.73,15.0,323769.57,2.53
7,건입동,201810,6,0,0,347.0,860.73,15.0,315612.77,2.53
6,건입동,201811,6,0,0,28.6,860.73,15.0,311267.27,2.53
3,건입동,201812,13,0,5,96.0,860.73,15.0,309419.35,2.53
4,건입동,201901,5,0,1,24.2,1567.7,15.0,317119.48,2.53
4,건입동,201902,7,0,3,37.9,1567.7,15.0,318250.71,2.53
4,건입동,201903,9,0,0,55.5,1567.7,15.0,308390.06,2.53
9,건입동,201904,8,1,0,46.4,1567.7,15.0,305759.0,2.53
7,건입동,201905,5,0,0,42.8,1567.7,15.0,310066.68,2.53
6,건입동,201906,8,0,0,145.8,1567.7,15.0,310412.8,2.53
5,건입동,201907,13,1,0,510.1,1567.7,15.0,321107.61,2.53
7,건입동,201908,12,0,0,242.3,1567.7,15.0,333263.68,2.53
4,건입동,201909,17,1,0,610.6,1567.7,15.0,309144.53,2.53
12,건입동,201910,9,0,0,188.6,1567.7,15.0,311233.48,2.53
7,건입동,201911,7,0,0,27.5,1567.7,15.0,315472.5,2.53
4,건입동,201912,7,0,1,48.2,1567.7,15.0,315397.52,2.53
6,건입동,202001,10,0,0,116.7,1383.41,15.0,326600.26,2.53
4,건입동,202002,10,0,4,29.8,1383.41,15.0,288791.76,2.53
2,건입동,202003,8,1,0,81.6,1383.41,15.0,297508.74,2.53
4,건입동,202004,6,0,0,82.3,1383.41,15.0,292304.4,2.53
7,건입동,202005,9,6,0,20.6,1383.41,15.0,305549.1,2.53
7,건입동,202006,12,5,0,221.5,1383.41,15.0,313766.67,2.53
8,건입동,202007,18,2,0,184.7,1383.41,15.0,321941.71,2.53
11,건입동,202008,9,0,0,140.4,1383.41,15.0,333800.19,2.53
6,건입동,202009,14,1,0,400.5,1383.41,15.0,315498.63,2.53
4,건입동,202010,4,0,0,53.7,1383.41,15.0,327771.19,2.53
4,건입동,202011,7,0,0,28.2,1383.41,15.0,344317.2,2.53
4,건입동,202012,6,0,5,29.5,1383.41,15.0,331351.16,2.53
18,구좌읍,201801,20,0,12,102.4,2107.11,54.0,446850.29,185.93
7,구좌읍,201802,13,0,8,125.7,2107.11,54.0,437910.32,185.93
12,구좌읍,201803,12,2,0,179.5,2107.11,54.0,450573.13,185.93
9,구좌읍,201804,11,0,1,234.1,2107.11,54.0,491721.17,185.93
8,구좌읍,201805,19,4,0,151.8,2107.11,54.0,499108.35,185.93
14,구좌읍,201806,13,0,0,377.2,2107.11,54.0,496478.77,185.93
11,구좌읍,201807,7,0,0,41.8,2107.11,54.0,514546.29,185.93
16,구좌읍,201808,8,0,0,125.0,2107.11,54.0,538494.1,185.93
8,구좌읍,201809,16,0,0,521.8,2107.11,54.0,488886.23,185.93
8,구좌읍,201810,7,0,0,184.2,2107.11,54.0,475436.65,185.93
11,구좌읍,201811,9,0,0,45.9,2107.11,54.0,445787.17,185.93
9,구좌읍,201812,13,0,5,57.3,2107.11,54.0,441833.26,185.93
6,구좌읍,201901,8,0,1,16.2,2936.18,54.0,459606.42,185.93
8,구좌읍,201902,7,0,3,77.4,2936.18,54.0,470787.54,185.93
9,구좌읍,201903,9,0,0,133.5,2936.18,54.0,466248.45,185.93
8,구좌읍,201904,9,1,0,132.5,2936.18,54.0,495163.4,185.93
8,구좌읍,201905,8,0,0,247.3,2936.18,54.0,504101.1,185.93
5,구좌읍,201906,10,0,0,170.2,2936.18,54.0,506413.03,185.93
11,구좌읍,201907,13,1,0,516.5,2936.18,54.0,524093.71,185.93
13,구좌읍,201908,11,0,0,377.4,2936.18,54.0,550420.81,185.93
8,구좌읍,201909,16,1,0,613.3,2936.18,54.0,476469.0,185.93
8,구좌읍,201910,8,0,0,233.9,2936.18,54.0,483924.61,185.93
6,구좌읍,201911,10,0,0,36.2,2936.18,54.0,465226.13,185.93
6,구좌읍,201912,10,0,1,103.7,2936.18,54.0,463958.58,185.93
4,구좌읍,202001,11,0,0,94.4,2916.3,54.0,476780.0,185.93
9,구좌읍,202002,13,0,4,98.7,2916.3,54.0,432352.69,185.93
10,구좌읍,202003,10,1,0,110.7,2916.3,54.0,444555.58,185.93
7,구좌읍,202004,6,0,0,87.0,2916.3,54.0,447055.8,185.93
10,구좌읍,202005,10,6,0,246.4,2916.3,54.0,470313.35,185.93
15,구좌읍,202006,14,5,0,326.6,2916.3,54.0,484470.97,185.93
11,구좌읍,202007,19,2,0,378.1,2916.3,54.0,517236.77,185.93
17,구좌읍,202008,9,0,0,204.7,2916.3,54.0,560403.71,185.93
6,구좌읍,202009,16,1,0,469.3,2916.3,54.0,493255.8,185.93
11,구좌읍,202010,5,0,0,34.4,2916.3,54.0,521301.42,185.93
8,구좌읍,202011,7,0,0,14.9,2916.3,54.0,531917.43,185.93
6,구좌읍,202012,8,0,5,51.0,2916.3,54.0,485896.48,185.93
19,남원읍,201801,13,12,0,63.7,17513.88,49.0,480509.13,188.51
11,남원읍,201802,9,8,0,10.5,17513.88,49.0,449311.36,188.51
12,남원읍,201803,11,0,0,151.6,17513.88,49.0,425378.45,188.51
9,남원읍,201804,10,1,0,312.0,17513.88,49.0,449755.07,188.51
13,남원읍,201805,18,0,0,356.1,17513.88,49.0,448003.74,188.51
17,남원읍,201806,12,0,0,304.3,17513.88,49.0,441769.63,188.51
9,남원읍,201807,7,0,0,23.2,17513.88,49.0,452172.58,188.51
13,남원읍,201808,7,2,0,159.6,17513.88,49.0,461118.94,188.51
14,남원읍,201809,16,0,0,473.8,17513.88,49.0,446101.27,188.51
7,남원읍,201810,7,0,0,210.2,17513.88,49.0,453061.39,188.51
18,남원읍,201811,9,0,0,55.6,17513.88,49.0,467440.8,188.51
12,남원읍,201812,10,0,2,45.6,17513.88,49.0,467170.35,188.51
13,남원읍,201901,7,1,0,21.7,17583.23,49.0,498467.94,188.51
10,남원읍,201902,8,0,0,37.7,17583.23,49.0,479853.61,188.51
13,남원읍,201903,10,0,0,64.8,17583.23,49.0,446120.42,188.51
8,남원읍,201904,8,3,0,89.2,17583.23,49.0,473058.57,188.51
10,남원읍,201905,7,1,0,376.7,17583.23,49.0,470389.19,188.51
9,남원읍,201906,9,3,0,189.1,17583.23,49.0,462547.73,188.51
14,남원읍,201907,16,8,0,452.1,17583.23,49.0,481991.29,188.51
12,남원읍,201908,11,0,0,317.3,17583.23,49.0,493498.48,188.51
19,남원읍,201909,17,0,0,394.9,17583.23,49.0,449984.27,188.51
22,남원읍,201910,7,0,0,150.6,17583.23,49.0,468949.29,188.51
12,남원읍,201911,7,0,0,31.3,17583.23,49.0,482003.8,188.51
20,남원읍,201912,7,0,0,84.9,17583.23,49.0,501778.52,188.51
16,남원읍,202001,10,0,0,110.1,13474.42,49.0,520436.23,188.51
6,남원읍,202002,10,0,3,95.5,13474.42,49.0,460894.24,188.51
4,남원읍,202003,8,2,0,132.2,13474.42,49.0,464234.16,188.51
11,남원읍,202004,5,0,0,81.8,13474.42,49.0,465810.27,188.51
5,남원읍,202005,11,8,0,244.0,13474.42,49.0,481308.71,188.51
11,남원읍,202006,13,11,0,406.1,13474.42,49.0,465212.83,188.51
13,남원읍,202007,20,10,0,322.0,13474.42,49.0,488272.35,188.51
11,남원읍,202008,10,1,0,159.2,13474.42,49.0,525215.71,188.51
13,남원읍,202009,14,1,0,424.9,13474.42,49.0,487591.1,188.51
18,남원읍,202010,4,0,0,39.2,13474.42,49.0,522272.26,188.51
17,남원읍,202011,7,0,0,11.7,13474.42,49.0,555870.47,188.51
9,남원읍,202012,5,0,2,62.9,13474.42,49.0,554280.48,188.51
29,노형동,201801,18,0,12,58.0,15005.82,49.0,1779624.29,45.24
24,노형동,201802,11,0,8,86.6,15005.82,49.0,1730077.71,45.24
27,노형동,201803,10,2,0,118.0,15005.82,49.0,1738239.19,45.24
20,노형동,201804,8,0,1,112.5,15005.82,49.0,1753669.57,45.24
20,노형동,201805,12,4,0,98.8,15005.82,49.0,1745216.13,45.24
32,노형동,201806,12,0,0,211.1,15005.82,49.0,1740478.5,45.24
46,노형동,201807,6,0,0,48.7,15005.82,49.0,1749662.39,45.24
25,노형동,201808,10,0,0,376.5,15005.82,49.0,1808898.65,45.24
30,노형동,201809,13,0,0,187.7,15005.82,49.0,1778684.97,45.24
29,노형동,201810,6,0,0,347.0,15005.82,49.0,1791515.55,45.24
29,노형동,201811,6,0,0,28.6,15005.82,49.0,1788295.97,45.24
27,노형동,201812,13,0,5,96.0,15005.82,49.0,1784152.03,45.24
27,노형동,201901,5,0,1,24.2,16137.45,49.0,1785711.77,45.24
33,노형동,201902,7,0,3,37.9,16137.45,49.0,1772226.82,45.24
23,노형동,201903,9,0,0,55.5,16137.45,49.0,1784124.42,45.24
31,노형동,201904,8,1,0,46.4,16137.45,49.0,1796457.2,45.24
40,노형동,201905,5,0,0,42.8,16137.45,49.0,1775552.26,45.24
19,노형동,201906,8,0,0,145.8,16137.45,49.0,1750262.23,45.24
43,노형동,201907,13,1,0,510.1,16137.45,49.0,1749395.1,45.24
48,노형동,201908,12,0,0,242.3,16137.45,49.0,1773763.68,45.24
26,노형동,201909,17,1,0,610.6,16137.45,49.0,1735918.23,45.24
24,노형동,201910,9,0,0,188.6,16137.45,49.0,1764897.52,45.24
31,노형동,201911,7,0,0,27.5,16137.45,49.0,1816383.87,45.24
31,노형동,201912,7,0,1,48.2,16137.45,49.0,1811753.61,45.24
33,노형동,202001,10,0,0,116.7,21022.34,49.0,1763653.74,45.24
21,노형동,202002,10,0,4,29.8,21022.34,49.0,1753170.72,45.24
26,노형동,202003,8,1,0,81.6,21022.34,49.0,1736197.26,45.24
23,노형동,202004,6,0,0,82.3,21022.34,49.0,1722884.83,45.24
24,노형동,202005,9,6,0,20.6,21022.34,49.0,1719729.81,45.24
36,노형동,202006,12,5,0,221.5,21022.34,49.0,1741099.0,45.24
32,노형동,202007,18,2,0,184.7,21022.34,49.0,1758344.58,45.24
27,노형동,202008,9,0,0,140.4,21022.34,49.0,1750284.32,45.24
27,노형동,202009,14,1,0,400.5,21022.34,49.0,1724583.97,45.24
33,노형동,202010,4,0,0,53.7,21022.34,49.0,1758387.97,45.24
30,노형동,202011,7,0,0,28.2,21022.34,49.0,1892305.23,45.24
28,노형동,202012,6,0,5,29.5,21022.34,49.0,1862186.35,45.24
4,대륜동,201801,13,12,0,63.7,2009.19,21.0,505968.52,22.24
6,대륜동,201802,9,8,0,10.5,2009.19,21.0,493986.71,22.24
3,대륜동,201803,11,0,0,151.6,2009.19,21.0,485838.74,22.24
6,대륜동,201804,10,1,0,312.0,2009.19,21.0,504824.73,22.24
8,대륜동,201805,18,0,0,356.1,2009.19,21.0,511380.42,22.24
6,대륜동,201806,12,0,0,304.3,2009.19,21.0,487491.0,22.24
8,대륜동,201807,7,0,0,23.2,2009.19,21.0,514191.26,22.24
14,대륜동,201808,7,2,0,159.6,2009.19,21.0,532083.35,22.24
6,대륜동,201809,16,0,0,473.8,2009.19,21.0,488149.07,22.24
10,대륜동,201810,7,0,0,210.2,2009.19,21.0,512070.87,22.24
8,대륜동,201811,9,0,0,55.6,2009.19,21.0,498204.43,22.24
10,대륜동,201812,10,0,2,45.6,2009.19,21.0,501108.13,22.24
3,대륜동,201901,7,1,0,21.7,5186.34,21.0,528925.97,22.24
5,대륜동,201902,8,0,0,37.7,5186.34,21.0,517480.07,22.24
2,대륜동,201903,10,0,0,64.8,5186.34,21.0,507044.13,22.24
5,대륜동,201904,8,3,0,89.2,5186.34,21.0,519870.73,22.24
10,대륜동,201905,7,1,0,376.7,5186.34,21.0,529303.71,22.24
4,대륜동,201906,9,3,0,189.1,5186.34,21.0,501389.67,22.24
3,대륜동,201907,16,8,0,452.1,5186.34,21.0,523556.74,22.24
6,대륜동,201908,11,0,0,317.3,5186.34,21.0,542916.71,22.24
9,대륜동,201909,17,0,0,394.9,5186.34,21.0,490197.23,22.24
14,대륜동,201910,7,0,0,150.6,5186.34,21.0,520269.68,22.24
8,대륜동,201911,7,0,0,31.3,5186.34,21.0,507719.13,22.24
7,대륜동,201912,7,0,0,84.9,5186.34,21.0,509679.16,22.24
8,대륜동,202001,10,0,0,110.1,3431.96,21.0,532483.19,22.24
6,대륜동,202002,10,0,3,95.5,3431.96,21.0,494758.93,22.24
6,대륜동,202003,8,2,0,132.2,3431.96,21.0,488041.45,22.24
4,대륜동,202004,5,0,0,81.8,3431.96,21.0,474499.27,22.24
12,대륜동,202005,11,8,0,244.0,3431.96,21.0,486453.65,22.24
4,대륜동,202006,13,11,0,406.1,3431.96,21.0,498579.77,22.24
5,대륜동,202007,20,10,0,322.0,3431.96,21.0,517549.29,22.24
6,대륜동,202008,10,1,0,159.2,3431.96,21.0,551222.0,22.24
6,대륜동,202009,14,1,0,424.9,3431.96,21.0,504458.33,22.24
10,대륜동,202010,4,0,0,39.2,3431.96,21.0,519733.52,22.24
14,대륜동,202011,7,0,0,11.7,3431.96,21.0,551258.13,22.24
3,대륜동,202012,5,0,2,62.9,3431.96,21.0,536700.45,22.24
12,대정읍,201801,11,12,0,47.7,1542.0,66.0,526986.32,78.63
6,대정읍,201802,7,8,0,75.0,1542.0,66.0,518161.64,78.63
5,대정읍,201803,10,0,0,101.2,1542.0,66.0,505934.39,78.63
11,대정읍,201804,8,1,0,175.6,1542.0,66.0,530716.9,78.63
10,대정읍,201805,13,0,0,256.7,1542.0,66.0,532358.9,78.63
9,대정읍,201806,11,0,0,186.7,1542.0,66.0,513730.8,78.63
7,대정읍,201807,4,0,0,20.8,1542.0,66.0,490863.87,78.63
6,대정읍,201808,10,2,0,127.2,1542.0,66.0,528290.13,78.63
10,대정읍,201809,12,0,0,136.6,1542.0,66.0,536847.1,78.63
7,대정읍,201810,7,0,0,121.2,1542.0,66.0,530234.65,78.63
12,대정읍,201811,9,0,0,42.1,1542.0,66.0,527068.23,78.63
4,대정읍,201812,12,0,2,55.0,1542.0,66.0,512112.39,78.63
12,대정읍,201901,8,1,0,17.4,2771.76,66.0,536567.39,78.63
0,대정읍,201902,9,0,0,34.1,2771.76,66.0,533059.11,78.63
15,대정읍,201903,11,0,0,46.0,2771.76,66.0,530108.1,78.63
8,대정읍,201904,5,3,0,27.9,2771.76,66.0,538109.73,78.63
14,대정읍,201905,7,1,0,122.6,2771.76,66.0,559414.23,78.63
9,대정읍,201906,7,3,0,172.9,2771.76,66.0,526882.2,78.63
3,대정읍,201907,14,8,0,191.3,2771.76,66.0,509959.94,78.63
11,대정읍,201908,14,0,0,321.5,2771.76,66.0,550932.94,78.63
10,대정읍,201909,15,0,0,400.1,2771.76,66.0,543948.53,78.63
12,대정읍,201910,5,0,0,127.2,2771.76,66.0,547320.58,78.63
12,대정읍,201911,8,0,0,16.1,2771.76,66.0,562769.87,78.63
7,대정읍,201912,7,0,0,83.8,2771.76,66.0,539091.45,78.63
13,대정읍,202001,11,0,0,76.1,1626.16,66.0,557331.55,78.63
6,대정읍,202002,10,0,3,41.6,1626.16,66.0,557590.72,78.63
8,대정읍,202003,8,2,0,61.2,1626.16,66.0,563918.26,78.63
7,대정읍,202004,5,0,0,32.5,1626.16,66.0,570144.5,78.63
14,대정읍,202005,10,8,0,90.3,1626.16,66.0,582295.65,78.63
12,대정읍,202006,12,11,0,290.5,1626.16,66.0,569067.23,78.63
7,대정읍,202007,17,10,0,247.8,1626.16,66.0,566679.68,78.63
10,대정읍,202008,11,1,0,181.2,1626.16,66.0,593859.19,78.63
14,대정읍,202009,13,1,0,132.8,1626.16,66.0,597399.37,78.63
10,대정읍,202010,4,0,0,34.7,1626.16,66.0,622594.39,78.63
6,대정읍,202011,7,0,0,19.4,1626.16,66.0,621770.53,78.63
9,대정읍,202012,9,0,2,20.8,1626.16,66.0,615332.42,78.63
3,대천동,201801,13,12,0,63.7,1777.55,28.0,291864.16,50.5
4,대천동,201802,9,8,0,10.5,1777.55,28.0,260404.07,50.5
11,대천동,201803,11,0,0,151.6,1777.55,28.0,250739.45,50.5
6,대천동,201804,10,1,0,312.0,1777.55,28.0,263641.33,50.5
5,대천동,201805,18,0,0,356.1,1777.55,28.0,270316.35,50.5
6,대천동,201806,12,0,0,304.3,1777.55,28.0,267984.43,50.5
3,대천동,201807,7,0,0,23.2,1777.55,28.0,275824.65,50.5
0,대천동,201808,7,2,0,159.6,1777.55,28.0,287012.35,50.5
6,대천동,201809,16,0,0,473.8,1777.55,28.0,268666.57,50.5
3,대천동,201810,7,0,0,210.2,1777.55,28.0,280916.23,50.5
5,대천동,201811,9,0,0,55.6,1777.55,28.0,266939.23,50.5
5,대천동,201812,10,0,2,45.6,1777.55,28.0,264981.39,50.5
4,대천동,201901,7,1,0,21.7,3079.77,28.0,278336.06,50.5
3,대천동,201902,8,0,0,37.7,3079.77,28.0,269384.11,50.5
4,대천동,201903,10,0,0,64.8,3079.77,28.0,261518.0,50.5
5,대천동,201904,8,3,0,89.2,3079.77,28.0,275299.3,50.5
7,대천동,201905,7,1,0,376.7,3079.77,28.0,283026.81,50.5
3,대천동,201906,9,3,0,189.1,3079.77,28.0,283913.87,50.5
7,대천동,201907,16,8,0,452.1,3079.77,28.0,297489.87,50.5
6,대천동,201908,11,0,0,317.3,3079.77,28.0,297180.94,50.5
4,대천동,201909,17,0,0,394.9,3079.77,28.0,277947.57,50.5
5,대천동,201910,7,0,0,150.6,3079.77,28.0,286920.94,50.5
3,대천동,201911,7,0,0,31.3,3079.77,28.0,289846.5,50.5
6,대천동,201912,7,0,0,84.9,3079.77,28.0,295455.45,50.5
3,대천동,202001,10,0,0,110.1,1232.28,28.0,308095.55,50.5
4,대천동,202002,10,0,3,95.5,1232.28,28.0,293766.66,50.5
5,대천동,202003,8,2,0,132.2,1232.28,28.0,294028.16,50.5
7,대천동,202004,5,0,0,81.8,1232.28,28.0,291718.7,50.5
6,대천동,202005,11,8,0,244.0,1232.28,28.0,291977.19,50.5
8,대천동,202006,13,11,0,406.1,1232.28,28.0,295233.5,50.5
6,대천동,202007,20,10,0,322.0,1232.28,28.0,311525.58,50.5
4,대천동,202008,10,1,0,159.2,1232.28,28.0,327883.94,50.5
5,대천동,202009,14,1,0,424.9,1232.28,28.0,306194.13,50.5
3,대천동,202010,4,0,0,39.2,1232.28,28.0,321566.48,50.5
6,대천동,202011,7,0,0,11.7,1232.28,28.0,342889.8,50.5
4,대천동,202012,5,0,2,62.9,1232.28,28.0,341104.45,50.5
2,도두동,201801,18,0,12,58.0,33.96,7.0,119076.55,4.03
2,도두동,201802,11,0,8,86.6,33.96,7.0,110144.07,4.03
7,도두동,201803,10,2,0,118.0,33.96,7.0,108886.97,4.03
2,도두동,201804,8,0,1,112.5,33.96,7.0,125004.2,4.03
3,도두동,201805,12,4,0,98.8,33.96,7.0,125526.45,4.03
5,도두동,201806,12,0,0,211.1,33.96,7.0,121085.93,4.03
2,도두동,201807,6,0,0,48.7,33.96,7.0,120552.9,4.03
3,도두동,201808,10,0,0,376.5,33.96,7.0,125584.16,4.03
2,도두동,201809,13,0,0,187.7,33.96,7.0,109899.67,4.03
3,도두동,201810,6,0,0,347.0,33.96,7.0,114467.26,4.03
9,도두동,201811,6,0,0,28.6,33.96,7.0,110998.6,4.03
1,도두동,201812,13,0,5,96.0,33.96,7.0,102543.61,4.03
3,도두동,201901,5,0,1,24.2,54.0,7.0,113616.74,4.03
5,도두동,201902,7,0,3,37.9,54.0,7.0,117804.0,4.03
3,도두동,201903,9,0,0,55.5,54.0,7.0,111532.9,4.03
5,도두동,201904,8,1,0,46.4,54.0,7.0,121091.27,4.03
4,도두동,201905,5,0,0,42.8,54.0,7.0,126177.35,4.03
4,도두동,201906,8,0,0,145.8,54.0,7.0,121446.0,4.03
0,도두동,201907,13,1,0,510.1,54.0,7.0,120518.81,4.03
3,도두동,201908,12,0,0,242.3,54.0,7.0,119483.55,4.03
1,도두동,201909,17,1,0,610.6,54.0,7.0,105817.97,4.03
7,도두동,201910,9,0,0,188.6,54.0,7.0,122396.9,4.03
2,도두동,201911,7,0,0,27.5,54.0,7.0,119591.77,4.03
2,도두동,201912,7,0,1,48.2,54.0,7.0,114425.45,4.03
2,도두동,202001,10,0,0,116.7,42.31,7.0,119577.1,4.03
1,도두동,202002,10,0,4,29.8,42.31,7.0,96577.03,4.03
1,도두동,202003,8,1,0,81.6,42.31,7.0,82406.06,4.03
2,도두동,202004,6,0,0,82.3,42.31,7.0,87995.53,4.03
4,도두동,202005,9,6,0,20.6,42.31,7.0,98460.35,4.03
2,도두동,202006,12,5,0,221.5,42.31,7.0,107465.57,4.03
3,도두동,202007,18,2,0,184.7,42.31,7.0,114353.39,4.03
3,도두동,202008,9,0,0,140.4,42.31,7.0,124366.39,4.03
3,도두동,202009,14,1,0,400.5,42.31,7.0,95591.3,4.03
2,도두동,202010,4,0,0,53.7,42.31,7.0,108096.06,4.03
6,도두동,202011,7,0,0,28.2,42.31,7.0,108739.1,4.03
2,도두동,202012,6,0,5,29.5,42.31,7.0,83990.58,4.03
11,동홍동,201801,13,12,0,63.7,359.34,22.0,576949.0,14.3
4,동홍동,201802,9,8,0,10.5,359.34,22.0,567894.5,14.3
10,동홍동,201803,11,0,0,151.6,359.34,22.0,541676.06,14.3
12,동홍동,201804,10,1,0,312.0,359.34,22.0,541812.97,14.3
9,동홍동,201805,18,0,0,356.1,359.34,22.0,542993.26,14.3
12,동홍동,201806,12,0,0,304.3,359.34,22.0,548277.77,14.3
13,동홍동,201807,7,0,0,23.2,359.34,22.0,592779.87,14.3
17,동홍동,201808,7,2,0,159.6,359.34,22.0,603090.74,14.3
10,동홍동,201809,16,0,0,473.8,359.34,22.0,584206.7,14.3
8,동홍동,201810,7,0,0,210.2,359.34,22.0,576411.16,14.3
8,동홍동,201811,9,0,0,55.6,359.34,22.0,583576.7,14.3
11,동홍동,201812,10,0,2,45.6,359.34,22.0,591268.06,14.3
13,동홍동,201901,7,1,0,21.7,471.79,22.0,606475.03,14.3
13,동홍동,201902,8,0,0,37.7,471.79,22.0,598782.89,14.3
6,동홍동,201903,10,0,0,64.8,471.79,22.0,578657.71,14.3
16,동홍동,201904,8,3,0,89.2,471.79,22.0,579503.0,14.3
4,동홍동,201905,7,1,0,376.7,471.79,22.0,580684.19,14.3
14,동홍동,201906,9,3,0,189.1,471.79,22.0,577076.6,14.3
5,동홍동,201907,16,8,0,452.1,471.79,22.0,596885.0,14.3
16,동홍동,201908,11,0,0,317.3,471.79,22.0,598721.94,14.3
8,동홍동,201909,17,0,0,394.9,471.79,22.0,582752.37,14.3
8,동홍동,201910,7,0,0,150.6,471.79,22.0,588198.84,14.3
13,동홍동,201911,7,0,0,31.3,471.79,22.0,600922.57,14.3
10,동홍동,201912,7,0,0,84.9,471.79,22.0,610435.81,14.3
6,동홍동,202001,10,0,0,110.1,772.58,22.0,626250.77,14.3
5,동홍동,202002,10,0,3,95.5,772.58,22.0,604673.17,14.3
8,동홍동,202003,8,2,0,132.2,772.58,22.0,606712.87,14.3
6,동홍동,202004,5,0,0,81.8,772.58,22.0,599708.57,14.3
2,동홍동,202005,11,8,0,244.0,772.58,22.0,602346.87,14.3
11,동홍동,202006,13,11,0,406.1,772.58,22.0,612517.2,14.3
4,동홍동,202007,20,10,0,322.0,772.58,22.0,627255.06,14.3
15,동홍동,202008,10,1,0,159.2,772.58,22.0,633434.16,14.3
9,동홍동,202009,14,1,0,424.9,772.58,22.0,621713.6,14.3
9,동홍동,202010,4,0,0,39.2,772.58,22.0,628242.0,14.3
6,동홍동,202011,7,0,0,11.7,772.58,22.0,661443.83,14.3
18,동홍동,202012,5,0,2,62.9,772.58,22.0,650779.03,14.3
1,봉개동,201801,18,0,12,58.0,1649.51,11.0,172663.74,47.34
1,봉개동,201802,11,0,8,86.6,1649.51,11.0,156778.54,47.34
1,봉개동,201803,10,2,0,118.0,1649.51,11.0,186231.68,47.34
1,봉개동,201804,8,0,1,112.5,1649.51,11.0,215067.23,47.34
5,봉개동,201805,12,4,0,98.8,1649.51,11.0,209462.13,47.34
4,봉개동,201806,12,0,0,211.1,1649.51,11.0,192632.67,47.34
3,봉개동,201807,6,0,0,48.7,1649.51,11.0,189333.0,47.34
7,봉개동,201808,10,0,0,376.5,1649.51,11.0,192207.13,47.34
1,봉개동,201809,13,0,0,187.7,1649.51,11.0,188707.0,47.34
4,봉개동,201810,6,0,0,347.0,1649.51,11.0,200429.48,47.34
2,봉개동,201811,6,0,0,28.6,1649.51,11.0,191965.87,47.34
3,봉개동,201812,13,0,5,96.0,1649.51,11.0,183695.48,47.34
5,봉개동,201901,5,0,1,24.2,1397.4,11.0,185649.42,47.34
2,봉개동,201902,7,0,3,37.9,1397.4,11.0,180246.11,47.34
4,봉개동,201903,9,0,0,55.5,1397.4,11.0,203965.06,47.34
7,봉개동,201904,8,1,0,46.4,1397.4,11.0,224875.73,47.34
7,봉개동,201905,5,0,0,42.8,1397.4,11.0,223759.23,47.34
5,봉개동,201906,8,0,0,145.8,1397.4,11.0,206057.53,47.34
6,봉개동,201907,13,1,0,510.1,1397.4,11.0,205400.26,47.34
1,봉개동,201908,12,0,0,242.3,1397.4,11.0,225381.19,47.34
4,봉개동,201909,17,1,0,610.6,1397.4,11.0,206478.8,47.34
5,봉개동,201910,9,0,0,188.6,1397.4,11.0,226266.84,47.34
6,봉개동,201911,7,0,0,27.5,1397.4,11.0,217525.23,47.34
2,봉개동,201912,7,0,1,48.2,1397.4,11.0,212659.84,47.34
2,봉개동,202001,10,0,0,116.7,1655.18,11.0,204313.52,47.34
2,봉개동,202002,10,0,4,29.8,1655.18,11.0,183671.52,47.34
3,봉개동,202003,8,1,0,81.6,1655.18,11.0,180867.03,47.34
2,봉개동,202004,6,0,0,82.3,1655.18,11.0,185464.3,47.34
3,봉개동,202005,9,6,0,20.6,1655.18,11.0,196896.03,47.34
8,봉개동,202006,12,5,0,221.5,1655.18,11.0,209515.5,47.34
5,봉개동,202007,18,2,0,184.7,1655.18,11.0,220637.06,47.34
4,봉개동,202008,9,0,0,140.4,1655.18,11.0,229222.19,47.34
7,봉개동,202009,14,1,0,400.5,1655.18,11.0,206177.7,47.34
2,봉개동,202010,4,0,0,53.7,1655.18,11.0,217546.35,47.34
5,봉개동,202011,7,0,0,28.2,1655.18,11.0,225347.9,47.34
2,봉개동,202012,6,0,5,29.5,1655.18,11.0,199561.0,47.34
4,삼도1동,201801,18,0,12,58.0,141.59,6.0,379631.84,1.27
1,삼도1동,201802,11,0,8,86.6,141.59,6.0,373767.86,1.27
5,삼도1동,201803,10,2,0,118.0,141.59,6.0,347152.13,1.27
8,삼도1동,201804,8,0,1,112.5,141.59,6.0,347366.7,1.27
9,삼도1동,201805,12,4,0,98.8,141.59,6.0,349766.26,1.27
4,삼도1동,201806,12,0,0,211.1,141.59,6.0,360085.37,1.27
3,삼도1동,201807,6,0,0,48.7,141.59,6.0,359218.42,1.27
4,삼도1동,201808,10,0,0,376.5,141.59,6.0,360545.35,1.27
7,삼도1동,201809,13,0,0,187.7,141.59,6.0,366270.13,1.27
8,삼도1동,201810,6,0,0,347.0,141.59,6.0,364051.48,1.27
5,삼도1동,201811,6,0,0,28.6,141.59,6.0,361913.23,1.27
3,삼도1동,201812,13,0,5,96.0,141.59,6.0,362899.32,1.27
5,삼도1동,201901,5,0,1,24.2,150.1,6.0,368354.13,1.27
3,삼도1동,201902,7,0,3,37.9,150.1,6.0,375567.14,1.27
8,삼도1동,201903,9,0,0,55.5,150.1,6.0,357094.26,1.27
6,삼도1동,201904,8,1,0,46.4,150.1,6.0,347834.47,1.27
7,삼도1동,201905,5,0,0,42.8,150.1,6.0,343045.23,1.27
2,삼도1동,201906,8,0,0,145.8,150.1,6.0,351009.23,1.27
7,삼도1동,201907,13,1,0,510.1,150.1,6.0,359118.58,1.27
6,삼도1동,201908,12,0,0,242.3,150.1,6.0,355623.55,1.27
5,삼도1동,201909,17,1,0,610.6,150.1,6.0,352369.47,1.27
9,삼도1동,201910,9,0,0,188.6,150.1,6.0,347516.42,1.27
2,삼도1동,201911,7,0,0,27.5,150.1,6.0,364562.4,1.27
11,삼도1동,201912,7,0,1,48.2,150.1,6.0,373399.52,1.27
8,삼도1동,202001,10,0,0,116.7,86.51,6.0,385491.39,1.27
6,삼도1동,202002,10,0,4,29.8,86.51,6.0,368888.69,1.27
3,삼도1동,202003,8,1,0,81.6,86.51,6.0,379375.13,1.27
3,삼도1동,202004,6,0,0,82.3,86.51,6.0,368098.33,1.27
6,삼도1동,202005,9,6,0,20.6,86.51,6.0,366692.84,1.27
5,삼도1동,202006,12,5,0,221.5,86.51,6.0,358619.2,1.27
5,삼도1동,202007,18,2,0,184.7,86.51,6.0,369041.23,1.27
2,삼도1동,202008,9,0,0,140.4,86.51,6.0,365702.23,1.27
7,삼도1동,202009,14,1,0,400.5,86.51,6.0,364178.47,1.27
4,삼도1동,202010,4,0,0,53.7,86.51,6.0,365036.77,1.27
8,삼도1동,202011,7,0,0,28.2,86.51,6.0,383372.03,1.27
7,삼도1동,202012,6,0,5,29.5,86.51,6.0,391720.19,1.27
6,삼도2동,201801,18,0,12,58.0,48.35,12.0,238515.68,0.83
4,삼도2동,201802,11,0,8,86.6,48.35,12.0,232849.75,0.83
3,삼도2동,201803,10,2,0,118.0,48.35,12.0,225182.87,0.83
9,삼도2동,201804,8,0,1,112.5,48.35,12.0,227186.37,0.83
3,삼도2동,201805,12,4,0,98.8,48.35,12.0,227680.68,0.83
1,삼도2동,201806,12,0,0,211.1,48.35,12.0,227860.3,0.83
2,삼도2동,201807,6,0,0,48.7,48.35,12.0,232022.29,0.83
1,삼도2동,201808,10,0,0,376.5,48.35,12.0,236786.65,0.83
3,삼도2동,201809,13,0,0,187.7,48.35,12.0,248058.03,0.83
5,삼도2동,201810,6,0,0,347.0,48.35,12.0,249071.61,0.83
4,삼도2동,201811,6,0,0,28.6,48.35,12.0,252137.47,0.83
3,삼도2동,201812,13,0,5,96.0,48.35,12.0,253846.13,0.83
2,삼도2동,201901,5,0,1,24.2,69.48,12.0,254152.45,0.83
4,삼도2동,201902,7,0,3,37.9,69.48,12.0,255637.46,0.83
3,삼도2동,201903,9,0,0,55.5,69.48,12.0,248421.42,0.83
4,삼도2동,201904,8,1,0,46.4,69.48,12.0,245003.5,0.83
3,삼도2동,201905,5,0,0,42.8,69.48,12.0,246107.84,0.83
3,삼도2동,201906,8,0,0,145.8,69.48,12.0,241071.73,0.83
5,삼도2동,201907,13,1,0,510.1,69.48,12.0,243025.19,0.83
4,삼도2동,201908,12,0,0,242.3,69.48,12.0,247540.52,0.83
1,삼도2동,201909,17,1,0,610.6,69.48,12.0,240958.13,0.83
3,삼도2동,201910,9,0,0,188.6,69.48,12.0,246934.55,0.83
1,삼도2동,201911,7,0,0,27.5,69.48,12.0,261273.63,0.83
6,삼도2동,201912,7,0,1,48.2,69.48,12.0,257172.52,0.83
1,삼도2동,202001,10,0,0,116.7,111.93,12.0,250586.58,0.83
5,삼도2동,202002,10,0,4,29.8,111.93,12.0,235408.14,0.83
5,삼도2동,202003,8,1,0,81.6,111.93,12.0,219626.35,0.83
4,삼도2동,202004,6,0,0,82.3,111.93,12.0,214874.8,0.83
3,삼도2동,202005,9,6,0,20.6,111.93,12.0,224124.26,0.83
7,삼도2동,202006,12,5,0,221.5,111.93,12.0,230294.5,0.83
1,삼도2동,202007,18,2,0,184.7,111.93,12.0,236416.71,0.83
1,삼도2동,202008,9,0,0,140.4,111.93,12.0,241506.1,0.83
0,삼도2동,202009,14,1,0,400.5,111.93,12.0,222531.33,0.83
8,삼도2동,202010,4,0,0,53.7,111.93,12.0,234667.55,0.83
6,삼도2동,202011,7,0,0,28.2,111.93,12.0,253355.07,0.83
2,삼도2동,202012,6,0,5,29.5,111.93,12.0,233746.16,0.83
7,삼양동,201801,18,0,12,58.0,613.96,25.0,578894.74,9.53
6,삼양동,201802,11,0,8,86.6,613.96,25.0,596582.71,9.53
9,삼양동,201803,10,2,0,118.0,613.96,25.0,561199.84,9.53
6,삼양동,201804,8,0,1,112.5,613.96,25.0,564914.07,9.53
5,삼양동,201805,12,4,0,98.8,613.96,25.0,574676.65,9.53
7,삼양동,201806,12,0,0,211.1,613.96,25.0,590618.07,9.53
6,삼양동,201807,6,0,0,48.7,613.96,25.0,606913.32,9.53
6,삼양동,201808,10,0,0,376.5,613.96,25.0,609701.23,9.53
10,삼양동,201809,13,0,0,187.7,613.96,25.0,587200.6,9.53
2,삼양동,201810,6,0,0,347.0,613.96,25.0,583435.9,9.53
7,삼양동,201811,6,0,0,28.6,613.96,25.0,586085.83,9.53
3,삼양동,201812,13,0,5,96.0,613.96,25.0,605540.68,9.53
2,삼양동,201901,5,0,1,24.2,887.86,25.0,617169.13,9.53
2,삼양동,201902,7,0,3,37.9,887.86,25.0,613792.71,9.53
5,삼양동,201903,9,0,0,55.5,887.86,25.0,579287.58,9.53
7,삼양동,201904,8,1,0,46.4,887.86,25.0,575488.7,9.53
9,삼양동,201905,5,0,0,42.8,887.86,25.0,580106.13,9.53
7,삼양동,201906,8,0,0,145.8,887.86,25.0,579527.67,9.53
4,삼양동,201907,13,1,0,510.1,887.86,25.0,599086.45,9.53
9,삼양동,201908,12,0,0,242.3,887.86,25.0,598968.58,9.53
7,삼양동,201909,17,1,0,610.6,887.86,25.0,579257.73,9.53
8,삼양동,201910,9,0,0,188.6,887.86,25.0,576004.48,9.53
6,삼양동,201911,7,0,0,27.5,887.86,25.0,537058.07,9.53
2,삼양동,201912,7,0,1,48.2,887.86,25.0,547174.26,9.53
12,삼양동,202001,10,0,0,116.7,824.25,25.0,551634.52,9.53
5,삼양동,202002,10,0,4,29.8,824.25,25.0,596667.34,9.53
7,삼양동,202003,8,1,0,81.6,824.25,25.0,651466.87,9.53
7,삼양동,202004,6,0,0,82.3,824.25,25.0,646244.77,9.53
10,삼양동,202005,9,6,0,20.6,824.25,25.0,642457.29,9.53
3,삼양동,202006,12,5,0,221.5,824.25,25.0,624481.67,9.53
7,삼양동,202007,18,2,0,184.7,824.25,25.0,626863.1,9.53
3,삼양동,202008,9,0,0,140.4,824.25,25.0,653761.16,9.53
7,삼양동,202009,14,1,0,400.5,824.25,25.0,644112.17,9.53
7,삼양동,202010,4,0,0,53.7,824.25,25.0,641243.23,9.53
4,삼양동,202011,7,0,0,28.2,824.25,25.0,667911.1,9.53
5,삼양동,202012,6,0,5,29.5,824.25,25.0,712179.94,9.53
4,서홍동,201801,13,12,0,63.7,5.01,11.0,201465.0,14.71
3,서홍동,201802,9,8,0,10.5,5.01,11.0,199234.64,14.71
3,서홍동,201803,11,0,0,151.6,5.01,11.0,186683.48,14.71
4,서홍동,201804,10,1,0,312.0,5.01,11.0,181734.8,14.71
3,서홍동,201805,18,0,0,356.1,5.01,11.0,185501.94,14.71
1,서홍동,201806,12,0,0,304.3,5.01,11.0,183444.53,14.71
4,서홍동,201807,7,0,0,23.2,5.01,11.0,185949.71,14.71
3,서홍동,201808,7,2,0,159.6,5.01,11.0,186724.0,14.71
1,서홍동,201809,16,0,0,473.8,5.01,11.0,189420.23,14.71
3,서홍동,201810,7,0,0,210.2,5.01,11.0,184918.65,14.71
3,서홍동,201811,9,0,0,55.6,5.01,11.0,187590.73,14.71
4,서홍동,201812,10,0,2,45.6,5.01,11.0,191565.19,14.71
3,서홍동,201901,7,1,0,21.7,13.78,11.0,204103.32,14.71
2,서홍동,201902,8,0,0,37.7,13.78,11.0,199766.18,14.71
4,서홍동,201903,10,0,0,64.8,13.78,11.0,193413.45,14.71
1,서홍동,201904,8,3,0,89.2,13.78,11.0,191103.37,14.71
5,서홍동,201905,7,1,0,376.7,13.78,11.0,191981.74,14.71
2,서홍동,201906,9,3,0,189.1,13.78,11.0,197747.47,14.71
2,서홍동,201907,16,8,0,452.1,13.78,11.0,201705.84,14.71
6,서홍동,201908,11,0,0,317.3,13.78,11.0,205675.77,14.71
5,서홍동,201909,17,0,0,394.9,13.78,11.0,200086.87,14.71
2,서홍동,201910,7,0,0,150.6,13.78,11.0,203956.03,14.71
4,서홍동,201911,7,0,0,31.3,13.78,11.0,207811.87,14.71
3,서홍동,201912,7,0,0,84.9,13.78,11.0,215624.39,14.71
8,서홍동,202001,10,0,0,110.1,216.56,11.0,227329.16,14.71
4,서홍동,202002,10,0,3,95.5,216.56,11.0,219684.55,14.71
4,서홍동,202003,8,2,0,132.2,216.56,11.0,217788.1,14.71
3,서홍동,202004,5,0,0,81.8,216.56,11.0,215637.77,14.71
2,서홍동,202005,11,8,0,244.0,216.56,11.0,222792.52,14.71
8,서홍동,202006,13,11,0,406.1,216.56,11.0,216885.63,14.71
2,서홍동,202007,20,10,0,322.0,216.56,11.0,217836.42,14.71
6,서홍동,202008,10,1,0,159.2,216.56,11.0,224403.03,14.71
1,서홍동,202009,14,1,0,424.9,216.56,11.0,228812.43,14.71
3,서홍동,202010,4,0,0,39.2,216.56,11.0,228923.29,14.71
3,서홍동,202011,7,0,0,11.7,216.56,11.0,240515.53,14.71
2,서홍동,202012,5,0,2,62.9,216.56,11.0,253981.81,14.71
7,성산읍,201801,20,12,0,102.4,7398.23,33.0,494556.42,107.79
6,성산읍,201802,13,8,0,125.7,7398.23,33.0,474700.11,107.79
13,성산읍,201803,12,0,0,179.5,7398.23,33.0,464784.68,107.79
6,성산읍,201804,11,1,0,234.1,7398.23,33.0,511345.0,107.79
8,성산읍,201805,19,0,0,151.8,7398.23,33.0,511051.87,107.79
7,성산읍,201806,13,0,0,377.2,7398.23,33.0,493251.6,107.79
15,성산읍,201807,7,0,0,41.8,7398.23,33.0,515695.84,107.79
11,성산읍,201808,8,2,0,125.0,7398.23,33.0,546892.52,107.79
11,성산읍,201809,16,0,0,521.8,7398.23,33.0,508883.9,107.79
9,성산읍,201810,7,0,0,184.2,7398.23,33.0,504779.39,107.79
19,성산읍,201811,9,0,0,45.9,7398.23,33.0,469347.73,107.79
11,성산읍,201812,13,0,2,57.3,7398.23,33.0,477155.77,107.79
11,성산읍,201901,8,1,0,16.2,10268.04,33.0,512364.68,107.79
11,성산읍,201902,7,0,0,77.4,10268.04,33.0,517789.29,107.79
14,성산읍,201903,9,0,0,133.5,10268.04,33.0,491564.81,107.79
6,성산읍,201904,9,3,0,132.5,10268.04,33.0,514979.33,107.79
13,성산읍,201905,8,1,0,247.3,10268.04,33.0,523853.23,107.79
13,성산읍,201906,10,3,0,170.2,10268.04,33.0,503386.3,107.79
13,성산읍,201907,13,8,0,516.5,10268.04,33.0,526534.55,107.79
16,성산읍,201908,11,0,0,377.4,10268.04,33.0,565911.94,107.79
7,성산읍,201909,16,0,0,613.3,10268.04,33.0,499224.93,107.79
15,성산읍,201910,8,0,0,233.9,10268.04,33.0,524546.55,107.79
11,성산읍,201911,10,0,0,36.2,10268.04,33.0,494486.47,107.79
10,성산읍,201912,10,0,0,103.7,10268.04,33.0,503886.13,107.79
7,성산읍,202001,11,0,0,94.4,8583.95,33.0,530556.1,107.79
4,성산읍,202002,13,0,3,98.7,8583.95,33.0,453483.41,107.79
9,성산읍,202003,10,2,0,110.7,8583.95,33.0,457595.23,107.79
11,성산읍,202004,6,0,0,87.0,8583.95,33.0,443288.07,107.79
14,성산읍,202005,10,8,0,246.4,8583.95,33.0,474931.77,107.79
7,성산읍,202006,14,11,0,326.6,8583.95,33.0,475686.43,107.79
8,성산읍,202007,19,10,0,378.1,8583.95,33.0,508372.68,107.79
9,성산읍,202008,9,1,0,204.7,8583.95,33.0,570672.39,107.79
7,성산읍,202009,16,1,0,469.3,8583.95,33.0,496620.27,107.79
10,성산읍,202010,5,0,0,34.4,8583.95,33.0,533595.97,107.79
7,성산읍,202011,7,0,0,14.9,8583.95,33.0,562293.7,107.79
4,성산읍,202012,8,0,2,51.0,8583.95,33.0,508761.65,107.79
0,송산동,201801,13,12,0,63.7,1.22,1.0,87115.61,4.8
2,송산동,201802,9,8,0,10.5,1.22,1.0,83027.07,4.8
0,송산동,201803,11,0,0,151.6,1.22,1.0,72890.29,4.8
1,송산동,201804,10,1,0,312.0,1.22,1.0,80175.07,4.8
0,송산동,201805,18,0,0,356.1,1.22,1.0,81426.9,4.8
0,송산동,201806,12,0,0,304.3,1.22,1.0,80421.57,4.8
0,송산동,201807,7,0,0,23.2,1.22,1.0,82193.45,4.8
1,송산동,201808,7,2,0,159.6,1.22,1.0,89358.39,4.8
2,송산동,201809,16,0,0,473.8,1.22,1.0,80812.73,4.8
1,송산동,201810,7,0,0,210.2,1.22,1.0,77695.77,4.8
2,송산동,201811,9,0,0,55.6,1.22,1.0,74776.2,4.8
4,송산동,201812,10,0,2,45.6,1.22,1.0,80046.81,4.8
3,송산동,201901,7,1,0,21.7,5.33,1.0,85604.81,4.8
0,송산동,201902,8,0,0,37.7,5.33,1.0,81976.57,4.8
3,송산동,201903,10,0,0,64.8,5.33,1.0,76432.32,4.8
1,송산동,201904,8,3,0,89.2,5.33,1.0,73393.53,4.8
1,송산동,201905,7,1,0,376.7,5.33,1.0,75757.52,4.8
3,송산동,201906,9,3,0,189.1,5.33,1.0,76740.1,4.8
1,송산동,201907,16,8,0,452.1,5.33,1.0,77395.16,4.8
0,송산동,201908,11,0,0,317.3,5.33,1.0,80641.06,4.8
0,송산동,201909,17,0,0,394.9,5.33,1.0,71032.97,4.8
2,송산동,201910,7,0,0,150.6,5.33,1.0,70942.23,4.8
0,송산동,201911,7,0,0,31.3,5.33,1.0,71190.8,4.8
2,송산동,201912,7,0,0,84.9,5.33,1.0,70748.55,4.8
1,송산동,202001,10,0,0,110.1,3.08,1.0,80217.61,4.8
2,송산동,202002,10,0,3,95.5,3.08,1.0,70780.34,4.8
0,송산동,202003,8,2,0,132.2,3.08,1.0,73014.03,4.8
0,송산동,202004,5,0,0,81.8,3.08,1.0,67951.77,4.8
3,송산동,202005,11,8,0,244.0,3.08,1.0,71872.16,4.8
1,송산동,202006,13,11,0,406.1,3.08,1.0,70835.9,4.8
2,송산동,202007,20,10,0,322.0,3.08,1.0,75533.71,4.8
1,송산동,202008,10,1,0,159.2,3.08,1.0,81844.03,4.8
1,송산동,202009,14,1,0,424.9,3.08,1.0,77410.5,4.8
1,송산동,202010,4,0,0,39.2,3.08,1.0,83946.16,4.8
1,송산동,202011,7,0,0,11.7,3.08,1.0,84110.83,4.8
2,송산동,202012,5,0,2,62.9,3.08,1.0,80870.55,4.8
13,아라동,201801,18,0,12,58.0,9970.32,60.0,1086683.16,70.64
5,아라동,201802,11,0,8,86.6,9970.32,60.0,1069252.43,70.64
13,아라동,201803,10,2,0,118.0,9970.32,60.0,1284489.97,70.64
15,아라동,201804,8,0,1,112.5,9970.32,60.0,1331976.7,70.64
13,아라동,201805,12,4,0,98.8,9970.32,60.0,1316423.77,70.64
16,아라동,201806,12,0,0,211.1,9970.32,60.0,1295317.77,70.64
12,아라동,201807,6,0,0,48.7,9970.32,60.0,1200537.1,70.64
15,아라동,201808,10,0,0,376.5,9970.32,60.0,1230122.71,70.64
16,아라동,201809,13,0,0,187.7,9970.32,60.0,1266758.43,70.64
20,아라동,201810,6,0,0,347.0,9970.32,60.0,1327814.32,70.64
14,아라동,201811,6,0,0,28.6,9970.32,60.0,1326163.07,70.64
17,아라동,201812,13,0,5,96.0,9970.32,60.0,1237368.55,70.64
13,아라동,201901,5,0,1,24.2,12587.39,60.0,1168540.03,70.64
17,아라동,201902,7,0,3,37.9,12587.39,60.0,1138054.36,70.64
14,아라동,201903,9,0,0,55.5,12587.39,60.0,1322778.74,70.64
18,아라동,201904,8,1,0,46.4,12587.39,60.0,1356014.3,70.64
14,아라동,201905,5,0,0,42.8,12587.39,60.0,1326018.61,70.64
10,아라동,201906,8,0,0,145.8,12587.39,60.0,1293834.17,70.64
11,아라동,201907,13,1,0,510.1,12587.39,60.0,1225612.29,70.64
6,아라동,201908,12,0,0,242.3,12587.39,60.0,1228890.1,70.64
12,아라동,201909,17,1,0,610.6,12587.39,60.0,1282392.9,70.64
16,아라동,201910,9,0,0,188.6,12587.39,60.0,1302435.26,70.64
18,아라동,201911,7,0,0,27.5,12587.39,60.0,1348370.67,70.64
9,아라동,201912,7,0,1,48.2,12587.39,60.0,1291093.32,70.64
12,아라동,202001,10,0,0,116.7,8468.21,60.0,1193778.16,70.64
8,아라동,202002,10,0,4,29.8,8468.21,60.0,1203765.0,70.64
17,아라동,202003,8,1,0,81.6,8468.21,60.0,1227538.29,70.64
9,아라동,202004,6,0,0,82.3,8468.21,60.0,1224995.83,70.64
8,아라동,202005,9,6,0,20.6,8468.21,60.0,1226909.42,70.64
11,아라동,202006,12,5,0,221.5,8468.21,60.0,1297359.83,70.64
15,아라동,202007,18,2,0,184.7,8468.21,60.0,1299591.71,70.64
10,아라동,202008,9,0,0,140.4,8468.21,60.0,1252414.74,70.64
22,아라동,202009,14,1,0,400.5,8468.21,60.0,1293678.43,70.64
10,아라동,202010,4,0,0,53.7,8468.21,60.0,1327028.16,70.64
14,아라동,202011,7,0,0,28.2,8468.21,60.0,1459315.63,70.64
12,아라동,202012,6,0,5,29.5,8468.21,60.0,1439674.1,70.64
9,안덕면,201801,13,12,0,63.7,19101.86,46.0,554816.58,105.6
8,안덕면,201802,9,8,0,10.5,19101.86,46.0,543133.43,105.6
11,안덕면,201803,11,0,0,151.6,19101.86,46.0,541195.03,105.6
12,안덕면,201804,10,1,0,312.0,19101.86,46.0,591625.73,105.6
8,안덕면,201805,18,0,0,356.1,19101.86,46.0,594466.45,105.6
9,안덕면,201806,12,0,0,304.3,19101.86,46.0,538090.13,105.6
9,안덕면,201807,7,0,0,23.2,19101.86,46.0,495602.97,105.6
5,안덕면,201808,7,2,0,159.6,19101.86,46.0,586921.55,105.6
7,안덕면,201809,16,0,0,473.8,19101.86,46.0,550899.17,105.6
8,안덕면,201810,7,0,0,210.2,19101.86,46.0,568704.06,105.6
16,안덕면,201811,9,0,0,55.6,19101.86,46.0,560021.13,105.6
8,안덕면,201812,10,0,2,45.6,19101.86,46.0,529228.9,105.6
9,안덕면,201901,7,1,0,21.7,12912.32,46.0,579202.0,105.6
6,안덕면,201902,8,0,0,37.7,12912.32,46.0,577289.93,105.6
8,안덕면,201903,10,0,0,64.8,12912.32,46.0,573069.39,105.6
9,안덕면,201904,8,3,0,89.2,12912.32,46.0,585393.7,105.6
13,안덕면,201905,7,1,0,376.7,12912.32,46.0,621364.23,105.6
9,안덕면,201906,9,3,0,189.1,12912.32,46.0,564188.17,105.6
7,안덕면,201907,16,8,0,452.1,12912.32,46.0,540794.94,105.6
18,안덕면,201908,11,0,0,317.3,12912.32,46.0,638283.45,105.6
11,안덕면,201909,17,0,0,394.9,12912.32,46.0,576143.97,105.6
8,안덕면,201910,7,0,0,150.6,12912.32,46.0,609136.55,105.6
11,안덕면,201911,7,0,0,31.3,12912.32,46.0,621872.37,105.6
11,안덕면,201912,7,0,0,84.9,12912.32,46.0,587843.97,105.6
6,안덕면,202001,10,0,0,110.1,15726.91,46.0,589166.45,105.6
9,안덕면,202002,10,0,3,95.5,15726.91,46.0,558400.38,105.6
7,안덕면,202003,8,2,0,132.2,15726.91,46.0,513541.32,105.6
5,안덕면,202004,5,0,0,81.8,15726.91,46.0,510573.57,105.6
4,안덕면,202005,11,8,0,244.0,15726.91,46.0,558945.03,105.6
6,안덕면,202006,13,11,0,406.1,15726.91,46.0,565539.6,105.6
10,안덕면,202007,20,10,0,322.0,15726.91,46.0,571089.48,105.6
6,안덕면,202008,10,1,0,159.2,15726.91,46.0,665186.39,105.6
12,안덕면,202009,14,1,0,424.9,15726.91,46.0,609937.17,105.6
14,안덕면,202010,4,0,0,39.2,15726.91,46.0,667516.68,105.6
10,안덕면,202011,7,0,0,11.7,15726.91,46.0,690213.73,105.6
9,안덕면,202012,5,0,2,62.9,15726.91,46.0,619235.94,105.6
19,애월읍,201801,18,0,12,58.0,32209.62,82.0,1265658.84,202.16
20,애월읍,201802,11,0,8,86.6,32209.62,82.0,1228974.86,202.16
24,애월읍,201803,10,2,0,118.0,32209.62,82.0,1279867.29,202.16
19,애월읍,201804,8,0,1,112.5,32209.62,82.0,1310357.73,202.16
16,애월읍,201805,12,4,0,98.8,32209.62,82.0,1289288.19,202.16
26,애월읍,201806,12,0,0,211.1,32209.62,82.0,1300740.43,202.16
18,애월읍,201807,6,0,0,48.7,32209.62,82.0,1314638.74,202.16
20,애월읍,201808,10,0,0,376.5,32209.62,82.0,1367588.32,202.16
17,애월읍,201809,13,0,0,187.7,32209.62,82.0,1258846.97,202.16
9,애월읍,201810,6,0,0,347.0,32209.62,82.0,1267188.55,202.16
22,애월읍,201811,6,0,0,28.6,32209.62,82.0,1250474.9,202.16
15,애월읍,201812,13,0,5,96.0,32209.62,82.0,1233880.29,202.16
16,애월읍,201901,5,0,1,24.2,25769.8,82.0,1280769.71,202.16
20,애월읍,201902,7,0,3,37.9,25769.8,82.0,1253896.93,202.16
26,애월읍,201903,9,0,0,55.5,25769.8,82.0,1280698.35,202.16
16,애월읍,201904,8,1,0,46.4,25769.8,82.0,1306846.7,202.16
25,애월읍,201905,5,0,0,42.8,25769.8,82.0,1313880.74,202.16
22,애월읍,201906,8,0,0,145.8,25769.8,82.0,1295233.93,202.16
19,애월읍,201907,13,1,0,510.1,25769.8,82.0,1331503.9,202.16
29,애월읍,201908,12,0,0,242.3,25769.8,82.0,1385583.26,202.16
13,애월읍,201909,17,1,0,610.6,25769.8,82.0,1247351.67,202.16
22,애월읍,201910,9,0,0,188.6,25769.8,82.0,1298412.35,202.16
23,애월읍,201911,7,0,0,27.5,25769.8,82.0,1297213.77,202.16
13,애월읍,201912,7,0,1,48.2,25769.8,82.0,1287008.45,202.16
21,애월읍,202001,10,0,0,116.7,21621.15,82.0,1303109.06,202.16
13,애월읍,202002,10,0,4,29.8,21621.15,82.0,1243326.41,202.16
21,애월읍,202003,8,1,0,81.6,21621.15,82.0,1241801.65,202.16
17,애월읍,202004,6,0,0,82.3,21621.15,82.0,1238109.43,202.16
16,애월읍,202005,9,6,0,20.6,21621.15,82.0,1274104.87,202.16
16,애월읍,202006,12,5,0,221.5,21621.15,82.0,1286716.53,202.16
27,애월읍,202007,18,2,0,184.7,21621.15,82.0,1320326.81,202.16
32,애월읍,202008,9,0,0,140.4,21621.15,82.0,1418269.48,202.16
16,애월읍,202009,14,1,0,400.5,21621.15,82.0,1308151.63,202.16
33,애월읍,202010,4,0,0,53.7,21621.15,82.0,1388572.13,202.16
29,애월읍,202011,7,0,0,28.2,21621.15,82.0,1469388.37,202.16
20,애월읍,202012,6,0,5,29.5,21621.15,82.0,1397141.65,202.16
30,연동,201801,18,0,12,58.0,5442.58,31.0,1678117.9,12.32
19,연동,201802,11,0,8,86.6,5442.58,31.0,1637370.0,12.32
35,연동,201803,10,2,0,118.0,5442.58,31.0,1612761.61,12.32
33,연동,201804,8,0,1,112.5,5442.58,31.0,1620163.77,12.32
39,연동,201805,12,4,0,98.8,5442.58,31.0,1605300.74,12.32
37,연동,201806,12,0,0,211.1,5442.58,31.0,1602622.37,12.32
33,연동,201807,6,0,0,48.7,5442.58,31.0,1623203.06,12.32
37,연동,201808,10,0,0,376.5,5442.58,31.0,1627404.16,12.32
31,연동,201809,13,0,0,187.7,5442.58,31.0,1587404.27,12.32
32,연동,201810,6,0,0,347.0,5442.58,31.0,1631029.1,12.32
36,연동,201811,6,0,0,28.6,5442.58,31.0,1641749.27,12.32
32,연동,201812,13,0,5,96.0,5442.58,31.0,1650017.1,12.32
31,연동,201901,5,0,1,24.2,5681.64,31.0,1659435.0,12.32
22,연동,201902,7,0,3,37.9,5681.64,31.0,1621991.54,12.32
43,연동,201903,9,0,0,55.5,5681.64,31.0,1600544.68,12.32
42,연동,201904,8,1,0,46.4,5681.64,31.0,1601890.9,12.32
31,연동,201905,5,0,0,42.8,5681.64,31.0,1577159.06,12.32
29,연동,201906,8,0,0,145.8,5681.64,31.0,1563540.63,12.32
34,연동,201907,13,1,0,510.1,5681.64,31.0,1589406.77,12.32
29,연동,201908,12,0,0,242.3,5681.64,31.0,1590693.58,12.32
37,연동,201909,17,1,0,610.6,5681.64,31.0,1541816.17,12.32
36,연동,201910,9,0,0,188.6,5681.64,31.0,1569891.26,12.32
29,연동,201911,7,0,0,27.5,5681.64,31.0,1613910.77,12.32
35,연동,201912,7,0,1,48.2,5681.64,31.0,1626943.29,12.32
38,연동,202001,10,0,0,116.7,7202.31,31.0,1601538.32,12.32
27,연동,202002,10,0,4,29.8,7202.31,31.0,1550998.86,12.32
25,연동,202003,8,1,0,81.6,7202.31,31.0,1505588.81,12.32
28,연동,202004,6,0,0,82.3,7202.31,31.0,1483679.4,12.32
31,연동,202005,9,6,0,20.6,7202.31,31.0,1485818.84,12.32
28,연동,202006,12,5,0,221.5,7202.31,31.0,1499049.33,12.32
35,연동,202007,18,2,0,184.7,7202.31,31.0,1520705.32,12.32
33,연동,202008,9,0,0,140.4,7202.31,31.0,1539745.97,12.32
27,연동,202009,14,1,0,400.5,7202.31,31.0,1491801.03,12.32
37,연동,202010,4,0,0,53.7,7202.31,31.0,1533317.0,12.32
25,연동,202011,7,0,0,28.2,7202.31,31.0,1675458.93,12.32
28,연동,202012,6,0,5,29.5,7202.31,31.0,1642797.35,12.32
3,영천동,201801,13,12,0,63.7,2373.86,26.0,188968.58,46.33
3,영천동,201802,9,8,0,10.5,2373.86,26.0,182406.86,46.33
5,영천동,201803,11,0,0,151.6,2373.86,26.0,185184.55,46.33
5,영천동,201804,10,1,0,312.0,2373.86,26.0,191887.03,46.33
6,영천동,201805,18,0,0,356.1,2373.86,26.0,191569.81,46.33
4,영천동,201806,12,0,0,304.3,2373.86,26.0,191002.0,46.33
5,영천동,201807,7,0,0,23.2,2373.86,26.0,173138.03,46.33
3,영천동,201808,7,2,0,159.6,2373.86,26.0,174770.03,46.33
2,영천동,201809,16,0,0,473.8,2373.86,26.0,165873.9,46.33
3,영천동,201810,7,0,0,210.2,2373.86,26.0,170672.55,46.33
4,영천동,201811,9,0,0,55.6,2373.86,26.0,166989.57,46.33
3,영천동,201812,10,0,2,45.6,2373.86,26.0,183035.16,46.33
7,영천동,201901,7,1,0,21.7,3708.32,26.0,192161.58,46.33
4,영천동,201902,8,0,0,37.7,3708.32,26.0,179891.36,46.33
2,영천동,201903,10,0,0,64.8,3708.32,26.0,187128.06,46.33
4,영천동,201904,8,3,0,89.2,3708.32,26.0,199350.7,46.33
5,영천동,201905,7,1,0,376.7,3708.32,26.0,195132.23,46.33
2,영천동,201906,9,3,0,189.1,3708.32,26.0,185792.37,46.33
3,영천동,201907,16,8,0,452.1,3708.32,26.0,186504.29,46.33
2,영천동,201908,11,0,0,317.3,3708.32,26.0,195771.97,46.33
6,영천동,201909,17,0,0,394.9,3708.32,26.0,180831.73,46.33
3,영천동,201910,7,0,0,150.6,3708.32,26.0,189814.32,46.33
4,영천동,201911,7,0,0,31.3,3708.32,26.0,189202.23,46.33
7,영천동,201912,7,0,0,84.9,3708.32,26.0,188378.58,46.33
6,영천동,202001,10,0,0,110.1,2404.87,26.0,182795.9,46.33
0,영천동,202002,10,0,3,95.5,2404.87,26.0,167526.86,46.33
3,영천동,202003,8,2,0,132.2,2404.87,26.0,175275.52,46.33
4,영천동,202004,5,0,0,81.8,2404.87,26.0,171231.1,46.33
3,영천동,202005,11,8,0,244.0,2404.87,26.0,176123.0,46.33
3,영천동,202006,13,11,0,406.1,2404.87,26.0,185530.37,46.33
4,영천동,202007,20,10,0,322.0,2404.87,26.0,186788.81,46.33
5,영천동,202008,10,1,0,159.2,2404.87,26.0,185558.74,46.33
4,영천동,202009,14,1,0,424.9,2404.87,26.0,184752.13,46.33
5,영천동,202010,4,0,0,39.2,2404.87,26.0,196241.87,46.33
5,영천동,202011,7,0,0,11.7,2404.87,26.0,206952.93,46.33
9,영천동,202012,5,0,2,62.9,2404.87,26.0,200526.87,46.33
4,예래동,201801,13,12,0,63.7,2390.51,12.0,263114.48,37.3
6,예래동,201802,9,8,0,10.5,2390.51,12.0,244133.79,37.3
3,예래동,201803,11,0,0,151.6,2390.51,12.0,233231.55,37.3
2,예래동,201804,10,1,0,312.0,2390.51,12.0,271467.9,37.3
3,예래동,201805,18,0,0,356.1,2390.51,12.0,280312.61,37.3
4,예래동,201806,12,0,0,304.3,2390.51,12.0,272289.23,37.3
6,예래동,201807,7,0,0,23.2,2390.51,12.0,282148.81,37.3
4,예래동,201808,7,2,0,159.6,2390.51,12.0,291170.23,37.3
3,예래동,201809,16,0,0,473.8,2390.51,12.0,248679.73,37.3
6,예래동,201810,7,0,0,210.2,2390.51,12.0,245027.74,37.3
5,예래동,201811,9,0,0,55.6,2390.51,12.0,233237.13,37.3
2,예래동,201812,10,0,2,45.6,2390.51,12.0,241871.68,37.3
4,예래동,201901,7,1,0,21.7,3011.49,12.0,258328.16,37.3
1,예래동,201902,8,0,0,37.7,3011.49,12.0,264059.0,37.3
2,예래동,201903,10,0,0,64.8,3011.49,12.0,229228.68,37.3
4,예래동,201904,8,3,0,89.2,3011.49,12.0,236209.63,37.3
4,예래동,201905,7,1,0,376.7,3011.49,12.0,246947.48,37.3
4,예래동,201906,9,3,0,189.1,3011.49,12.0,237053.87,37.3
4,예래동,201907,16,8,0,452.1,3011.49,12.0,251969.42,37.3
5,예래동,201908,11,0,0,317.3,3011.49,12.0,268306.19,37.3
3,예래동,201909,17,0,0,394.9,3011.49,12.0,218695.53,37.3
6,예래동,201910,7,0,0,150.6,3011.49,12.0,236182.29,37.3
2,예래동,201911,7,0,0,31.3,3011.49,12.0,224057.57,37.3
1,예래동,201912,7,0,0,84.9,3011.49,12.0,231418.87,37.3
4,예래동,202001,10,0,0,110.1,1885.52,12.0,246770.52,37.3
4,예래동,202002,10,0,3,95.5,1885.52,12.0,183849.31,37.3
2,예래동,202003,8,2,0,132.2,1885.52,12.0,177229.16,37.3
3,예래동,202004,5,0,0,81.8,1885.52,12.0,173731.47,37.3
3,예래동,202005,11,8,0,244.0,1885.52,12.0,198094.29,37.3
2,예래동,202006,13,11,0,406.1,1885.52,12.0,209907.63,37.3
1,예래동,202007,20,10,0,322.0,1885.52,12.0,226910.65,37.3
8,예래동,202008,10,1,0,159.2,1885.52,12.0,260529.29,37.3
2,예래동,202009,14,1,0,424.9,1885.52,12.0,194028.07,37.3
5,예래동,202010,4,0,0,39.2,1885.52,12.0,227565.39,37.3
6,예래동,202011,7,0,0,11.7,1885.52,12.0,246947.0,37.3
2,예래동,202012,5,0,2,62.9,1885.52,12.0,206207.77,37.3
13,오라동,201801,18,0,12,58.0,2577.62,24.0,616205.19,28.74
7,오라동,201802,11,0,8,86.6,2577.62,24.0,615741.86,28.74
13,오라동,201803,10,2,0,118.0,2577.62,24.0,594325.65,28.74
8,오라동,201804,8,0,1,112.5,2577.62,24.0,581462.87,28.74
14,오라동,201805,12,4,0,98.8,2577.62,24.0,570536.9,28.74
11,오라동,201806,12,0,0,211.1,2577.62,24.0,565411.93,28.74
10,오라동,201807,6,0,0,48.7,2577.62,24.0,591959.52,28.74
7,오라동,201808,10,0,0,376.5,2577.62,24.0,600426.32,28.74
5,오라동,201809,13,0,0,187.7,2577.62,24.0,564797.0,28.74
17,오라동,201810,6,0,0,347.0,2577.62,24.0,564373.39,28.74
12,오라동,201811,6,0,0,28.6,2577.62,24.0,572530.77,28.74
8,오라동,201812,13,0,5,96.0,2577.62,24.0,599106.52,28.74
11,오라동,201901,5,0,1,24.2,2327.51,24.0,627899.0,28.74
5,오라동,201902,7,0,3,37.9,2327.51,24.0,641618.64,28.74
17,오라동,201903,9,0,0,55.5,2327.51,24.0,617306.48,28.74
12,오라동,201904,8,1,0,46.4,2327.51,24.0,601762.77,28.74
7,오라동,201905,5,0,0,42.8,2327.51,24.0,599216.13,28.74
6,오라동,201906,8,0,0,145.8,2327.51,24.0,576038.17,28.74
13,오라동,201907,13,1,0,510.1,2327.51,24.0,591329.42,28.74
12,오라동,201908,12,0,0,242.3,2327.51,24.0,594144.58,28.74
11,오라동,201909,17,1,0,610.6,2327.51,24.0,578969.17,28.74
10,오라동,201910,9,0,0,188.6,2327.51,24.0,600502.03,28.74
6,오라동,201911,7,0,0,27.5,2327.51,24.0,627025.4,28.74
14,오라동,201912,7,0,1,48.2,2327.51,24.0,640473.13,28.74
10,오라동,202001,10,0,0,116.7,3084.24,24.0,643560.1,28.74
5,오라동,202002,10,0,4,29.8,3084.24,24.0,633371.34,28.74
5,오라동,202003,8,1,0,81.6,3084.24,24.0,595085.55,28.74
5,오라동,202004,6,0,0,82.3,3084.24,24.0,598370.87,28.74
10,오라동,202005,9,6,0,20.6,3084.24,24.0,593754.16,28.74
5,오라동,202006,12,5,0,221.5,3084.24,24.0,580756.77,28.74
13,오라동,202007,18,2,0,184.7,3084.24,24.0,565042.84,28.74
11,오라동,202008,9,0,0,140.4,3084.24,24.0,582195.58,28.74
5,오라동,202009,14,1,0,400.5,3084.24,24.0,575642.7,28.74
7,오라동,202010,4,0,0,53.7,3084.24,24.0,583037.84,28.74
10,오라동,202011,7,0,0,28.2,3084.24,24.0,618144.83,28.74
9,오라동,202012,6,0,5,29.5,3084.24,24.0,615423.16,28.74
8,외도동,201801,18,0,12,58.0,382.15,16.0,328976.45,8.4
5,외도동,201802,11,0,8,86.6,382.15,16.0,310651.68,8.4
10,외도동,201803,10,2,0,118.0,382.15,16.0,293063.16,8.4
3,외도동,201804,8,0,1,112.5,382.15,16.0,316489.47,8.4
2,외도동,201805,12,4,0,98.8,382.15,16.0,329155.0,8.4
8,외도동,201806,12,0,0,211.1,382.15,16.0,343062.93,8.4
5,외도동,201807,6,0,0,48.7,382.15,16.0,342992.77,8.4
6,외도동,201808,10,0,0,376.5,382.15,16.0,353829.13,8.4
3,외도동,201809,13,0,0,187.7,382.15,16.0,349129.43,8.4
10,외도동,201810,6,0,0,347.0,382.15,16.0,354112.81,8.4
5,외도동,201811,6,0,0,28.6,382.15,16.0,342468.27,8.4
5,외도동,201812,13,0,5,96.0,382.15,16.0,337868.03,8.4
5,외도동,201901,5,0,1,24.2,453.24,16.0,346226.19,8.4
6,외도동,201902,7,0,3,37.9,453.24,16.0,356724.21,8.4
6,외도동,201903,9,0,0,55.5,453.24,16.0,333929.35,8.4
9,외도동,201904,8,1,0,46.4,453.24,16.0,333034.9,8.4
8,외도동,201905,5,0,0,42.8,453.24,16.0,333277.58,8.4
8,외도동,201906,8,0,0,145.8,453.24,16.0,349538.1,8.4
7,외도동,201907,13,1,0,510.1,453.24,16.0,360956.94,8.4
2,외도동,201908,12,0,0,242.3,453.24,16.0,362904.42,8.4
4,외도동,201909,17,1,0,610.6,453.24,16.0,349926.0,8.4
5,외도동,201910,9,0,0,188.6,453.24,16.0,351001.65,8.4
8,외도동,201911,7,0,0,27.5,453.24,16.0,348434.67,8.4
10,외도동,201912,7,0,1,48.2,453.24,16.0,354491.55,8.4
4,외도동,202001,10,0,0,116.7,273.6,16.0,369302.84,8.4
4,외도동,202002,10,0,4,29.8,273.6,16.0,387654.93,8.4
5,외도동,202003,8,1,0,81.6,273.6,16.0,396844.9,8.4
5,외도동,202004,6,0,0,82.3,273.6,16.0,391572.63,8.4
6,외도동,202005,9,6,0,20.6,273.6,16.0,387168.52,8.4
6,외도동,202006,12,5,0,221.5,273.6,16.0,370303.13,8.4
4,외도동,202007,18,2,0,184.7,273.6,16.0,383050.84,8.4
7,외도동,202008,9,0,0,140.4,273.6,16.0,396749.9,8.4
6,외도동,202009,14,1,0,400.5,273.6,16.0,395424.3,8.4
9,외도동,202010,4,0,0,53.7,273.6,16.0,399364.39,8.4
4,외도동,202011,7,0,0,28.2,273.6,16.0,420338.63,8.4
3,외도동,202012,6,0,5,29.5,273.6,16.0,445046.81,8.4
4,용담1동,201801,18,0,12,58.0,231.84,13.0,264781.84,0.61
3,용담1동,201802,11,0,8,86.6,231.84,13.0,266960.36,0.61
7,용담1동,201803,10,2,0,118.0,231.84,13.0,253025.77,0.61
5,용담1동,201804,8,0,1,112.5,231.84,13.0,247237.07,0.61
3,용담1동,201805,12,4,0,98.8,231.84,13.0,246363.16,0.61
4,용담1동,201806,12,0,0,211.1,231.84,13.0,245817.43,0.61
2,용담1동,201807,6,0,0,48.7,231.84,13.0,250046.9,0.61
5,용담1동,201808,10,0,0,376.5,231.84,13.0,251091.52,0.61
1,용담1동,201809,13,0,0,187.7,231.84,13.0,246079.07,0.61
1,용담1동,201810,6,0,0,347.0,231.84,13.0,241144.42,0.61
2,용담1동,201811,6,0,0,28.6,231.84,13.0,241871.9,0.61
4,용담1동,201812,13,0,5,96.0,231.84,13.0,251288.1,0.61
8,용담1동,201901,5,0,1,24.2,369.65,13.0,254017.61,0.61
3,용담1동,201902,7,0,3,37.9,369.65,13.0,257128.36,0.61
5,용담1동,201903,9,0,0,55.5,369.65,13.0,249785.87,0.61
8,용담1동,201904,8,1,0,46.4,369.65,13.0,242918.57,0.61
6,용담1동,201905,5,0,0,42.8,369.65,13.0,241165.16,0.61
2,용담1동,201906,8,0,0,145.8,369.65,13.0,238960.17,0.61
4,용담1동,201907,13,1,0,510.1,369.65,13.0,244414.03,0.61
8,용담1동,201908,12,0,0,242.3,369.65,13.0,242561.0,0.61
4,용담1동,201909,17,1,0,610.6,369.65,13.0,248007.83,0.61
2,용담1동,201910,9,0,0,188.6,369.65,13.0,250562.94,0.61
3,용담1동,201911,7,0,0,27.5,369.65,13.0,250646.83,0.61
4,용담1동,201912,7,0,1,48.2,369.65,13.0,252211.9,0.61
5,용담1동,202001,10,0,0,116.7,301.47,13.0,258042.03,0.61
4,용담1동,202002,10,0,4,29.8,301.47,13.0,256980.69,0.61
4,용담1동,202003,8,1,0,81.6,301.47,13.0,244184.03,0.61
4,용담1동,202004,6,0,0,82.3,301.47,13.0,239344.53,0.61
1,용담1동,202005,9,6,0,20.6,301.47,13.0,240554.55,0.61
3,용담1동,202006,12,5,0,221.5,301.47,13.0,242664.67,0.61
4,용담1동,202007,18,2,0,184.7,301.47,13.0,241773.52,0.61
7,용담1동,202008,9,0,0,140.4,301.47,13.0,240533.94,0.61
3,용담1동,202009,14,1,0,400.5,301.47,13.0,236929.03,0.61
9,용담1동,202010,4,0,0,53.7,301.47,13.0,238456.61,0.61
1,용담1동,202011,7,0,0,28.2,301.47,13.0,250769.1,0.61
3,용담1동,202012,6,0,5,29.5,301.47,13.0,251540.84,0.61
6,용담2동,201801,18,0,12,58.0,652.64,16.0,561818.26,4.93
10,용담2동,201802,11,0,8,86.6,652.64,16.0,548941.14,4.93
9,용담2동,201803,10,2,0,118.0,652.64,16.0,518240.45,4.93
11,용담2동,201804,8,0,1,112.5,652.64,16.0,561756.13,4.93
14,용담2동,201805,12,4,0,98.8,652.64,16.0,561147.03,4.93
17,용담2동,201806,12,0,0,211.1,652.64,16.0,557464.4,4.93
22,용담2동,201807,6,0,0,48.7,652.64,16.0,578837.48,4.93
10,용담2동,201808,10,0,0,376.5,652.64,16.0,605504.26,4.93
11,용담2동,201809,13,0,0,187.7,652.64,16.0,564470.53,4.93
13,용담2동,201810,6,0,0,347.0,652.64,16.0,563921.26,4.93
13,용담2동,201811,6,0,0,28.6,652.64,16.0,553849.9,4.93
11,용담2동,201812,13,0,5,96.0,652.64,16.0,536824.35,4.93
18,용담2동,201901,5,0,1,24.2,1093.14,16.0,567563.0,4.93
14,용담2동,201902,7,0,3,37.9,1093.14,16.0,593423.64,4.93
20,용담2동,201903,9,0,0,55.5,1093.14,16.0,554934.87,4.93
15,용담2동,201904,8,1,0,46.4,1093.14,16.0,587381.9,4.93
15,용담2동,201905,5,0,0,42.8,1093.14,16.0,621634.1,4.93
15,용담2동,201906,8,0,0,145.8,1093.14,16.0,615689.37,4.93
14,용담2동,201907,13,1,0,510.1,1093.14,16.0,613832.71,4.93
10,용담2동,201908,12,0,0,242.3,1093.14,16.0,622414.1,4.93
17,용담2동,201909,17,1,0,610.6,1093.14,16.0,570836.03,4.93
16,용담2동,201910,9,0,0,188.6,1093.14,16.0,605659.71,4.93
13,용담2동,201911,7,0,0,27.5,1093.14,16.0,594737.33,4.93
8,용담2동,201912,7,0,1,48.2,1093.14,16.0,591693.13,4.93
7,용담2동,202001,10,0,0,116.7,1858.95,16.0,616679.55,4.93
8,용담2동,202002,10,0,4,29.8,1858.95,16.0,477290.45,4.93
4,용담2동,202003,8,1,0,81.6,1858.95,16.0,451689.03,4.93
6,용담2동,202004,6,0,0,82.3,1858.95,16.0,446986.7,4.93
10,용담2동,202005,9,6,0,20.6,1858.95,16.0,496367.87,4.93
12,용담2동,202006,12,5,0,221.5,1858.95,16.0,534995.37,4.93
14,용담2동,202007,18,2,0,184.7,1858.95,16.0,566185.74,4.93
16,용담2동,202008,9,0,0,140.4,1858.95,16.0,601950.87,4.93
14,용담2동,202009,14,1,0,400.5,1858.95,16.0,513744.87,4.93
12,용담2동,202010,4,0,0,53.7,1858.95,16.0,556785.42,4.93
8,용담2동,202011,7,0,0,28.2,1858.95,16.0,553354.17,4.93
8,용담2동,202012,6,0,5,29.5,1858.95,16.0,476350.06,4.93
0,우도면,201801,20,0,12,102.4,7398.23,0.0,47699.87,6.18
0,우도면,201802,13,0,8,125.7,7398.23,0.0,47775.5,6.18
2,우도면,201803,12,2,0,179.5,7398.23,0.0,50728.58,6.18
1,우도면,201804,11,0,1,234.1,7398.23,0.0,56472.8,6.18
5,우도면,201805,19,4,0,151.8,7398.23,0.0,54368.16,6.18
2,우도면,201806,13,0,0,377.2,7398.23,0.0,59310.2,6.18
2,우도면,201807,7,0,0,41.8,7398.23,0.0,64242.9,6.18
1,우도면,201808,8,0,0,125.0,7398.23,0.0,66455.32,6.18
4,우도면,201809,16,0,0,521.8,7398.23,0.0,58275.77,6.18
2,우도면,201810,7,0,0,184.2,7398.23,0.0,59634.74,6.18
0,우도면,201811,9,0,0,45.9,7398.23,0.0,54564.93,6.18
1,우도면,201812,13,0,5,57.3,7398.23,0.0,48543.42,6.18
0,우도면,201901,8,0,1,16.2,10268.04,0.0,54890.0,6.18
0,우도면,201902,7,0,3,77.4,10268.04,0.0,54533.0,6.18
2,우도면,201903,9,0,0,133.5,10268.04,0.0,54594.74,6.18
3,우도면,201904,9,1,0,132.5,10268.04,0.0,54841.8,6.18
3,우도면,201905,8,0,0,247.3,10268.04,0.0,57610.32,6.18
5,우도면,201906,10,0,0,170.2,10268.04,0.0,55994.77,6.18
3,우도면,201907,13,1,0,516.5,10268.04,0.0,60209.13,6.18
1,우도면,201908,11,0,0,377.4,10268.04,0.0,70692.68,6.18
5,우도면,201909,16,1,0,613.3,10268.04,0.0,53692.03,6.18
3,우도면,201910,8,0,0,233.9,10268.04,0.0,57629.61,6.18
3,우도면,201911,10,0,0,36.2,10268.04,0.0,51533.73,6.18
1,우도면,201912,10,0,1,103.7,10268.04,0.0,49650.58,6.18
1,우도면,202001,11,0,0,94.4,8583.95,0.0,49016.65,6.18
0,우도면,202002,13,0,4,98.7,8583.95,0.0,42991.38,6.18
0,우도면,202003,10,1,0,110.7,8583.95,0.0,45779.26,6.18
1,우도면,202004,6,0,0,87.0,8583.95,0.0,44063.0,6.18
0,우도면,202005,10,6,0,246.4,8583.95,0.0,50923.32,6.18
1,우도면,202006,14,5,0,326.6,8583.95,0.0,50725.33,6.18
1,우도면,202007,19,2,0,378.1,8583.95,0.0,56790.29,6.18
5,우도면,202008,9,0,0,204.7,8583.95,0.0,66348.0,6.18
2,우도면,202009,16,1,0,469.3,8583.95,0.0,54724.73,6.18
2,우도면,202010,5,0,0,34.4,8583.95,0.0,62609.84,6.18
3,우도면,202011,7,0,0,14.9,8583.95,0.0,63040.83,6.18
2,우도면,202012,8,0,5,51.0,8583.95,0.0,57920.48,6.18
4,이도1동,201801,18,0,12,58.0,101.24,8.0,372330.42,0.69
5,이도1동,201802,11,0,8,86.6,101.24,8.0,369640.04,0.69
9,이도1동,201803,10,2,0,118.0,101.24,8.0,352542.52,0.69
9,이도1동,201804,8,0,1,112.5,101.24,8.0,352838.0,0.69
7,이도1동,201805,12,4,0,98.8,101.24,8.0,349280.26,0.69
6,이도1동,201806,12,0,0,211.1,101.24,8.0,349640.3,0.69
7,이도1동,201807,6,0,0,48.7,101.24,8.0,355942.39,0.69
5,이도1동,201808,10,0,0,376.5,101.24,8.0,361018.39,0.69
4,이도1동,201809,13,0,0,187.7,101.24,8.0,357809.4,0.69
8,이도1동,201810,6,0,0,347.0,101.24,8.0,358843.84,0.69
10,이도1동,201811,6,0,0,28.6,101.24,8.0,361059.77,0.69
3,이도1동,201812,13,0,5,96.0,101.24,8.0,363902.77,0.69
11,이도1동,201901,5,0,1,24.2,130.42,8.0,366079.03,0.69
4,이도1동,201902,7,0,3,37.9,130.42,8.0,369290.29,0.69
15,이도1동,201903,9,0,0,55.5,130.42,8.0,385562.58,0.69
6,이도1동,201904,8,1,0,46.4,130.42,8.0,426447.43,0.69
5,이도1동,201905,5,0,0,42.8,130.42,8.0,423436.29,0.69
2,이도1동,201906,8,0,0,145.8,130.42,8.0,416906.03,0.69
6,이도1동,201907,13,1,0,510.1,130.42,8.0,430758.39,0.69
11,이도1동,201908,12,0,0,242.3,130.42,8.0,427280.77,0.69
7,이도1동,201909,17,1,0,610.6,130.42,8.0,415766.2,0.69
9,이도1동,201910,9,0,0,188.6,130.42,8.0,412841.9,0.69
6,이도1동,201911,7,0,0,27.5,130.42,8.0,373443.53,0.69
5,이도1동,201912,7,0,1,48.2,130.42,8.0,379840.84,0.69
4,이도1동,202001,10,0,0,116.7,45.57,8.0,385217.0,0.69
7,이도1동,202002,10,0,4,29.8,45.57,8.0,391464.66,0.69
5,이도1동,202003,8,1,0,81.6,45.57,8.0,399939.23,0.69
5,이도1동,202004,6,0,0,82.3,45.57,8.0,397793.1,0.69
8,이도1동,202005,9,6,0,20.6,45.57,8.0,402391.65,0.69
2,이도1동,202006,12,5,0,221.5,45.57,8.0,404612.23,0.69
9,이도1동,202007,18,2,0,184.7,45.57,8.0,406668.35,0.69
7,이도1동,202008,9,0,0,140.4,45.57,8.0,404450.48,0.69
2,이도1동,202009,14,1,0,400.5,45.57,8.0,394712.63,0.69
8,이도1동,202010,4,0,0,53.7,45.57,8.0,395140.55,0.69
5,이도1동,202011,7,0,0,28.2,45.57,8.0,430383.27,0.69
5,이도1동,202012,6,0,5,29.5,45.57,8.0,413962.48,0.69
21,이도2동,201801,18,0,12,58.0,4240.88,38.0,1964407.84,5.4
19,이도2동,201802,11,0,8,86.6,4240.88,38.0,1945144.96,5.4
21,이도2동,201803,10,2,0,118.0,4240.88,38.0,1875165.23,5.4
22,이도2동,201804,8,0,1,112.5,4240.88,38.0,1867031.17,5.4
33,이도2동,201805,12,4,0,98.8,4240.88,38.0,1865148.55,5.4
22,이도2동,201806,12,0,0,211.1,4240.88,38.0,1875314.53,5.4
21,이도2동,201807,6,0,0,48.7,4240.88,38.0,1904245.03,5.4
23,이도2동,201808,10,0,0,376.5,4240.88,38.0,1904689.97,5.4
24,이도2동,201809,13,0,0,187.7,4240.88,38.0,1877106.1,5.4
28,이도2동,201810,6,0,0,347.0,4240.88,38.0,1873643.61,5.4
32,이도2동,201811,6,0,0,28.6,4240.88,38.0,1882899.87,5.4
24,이도2동,201812,13,0,5,96.0,4240.88,38.0,1905708.58,5.4
19,이도2동,201901,5,0,1,24.2,4033.68,38.0,1945514.97,5.4
23,이도2동,201902,7,0,3,37.9,4033.68,38.0,1929645.39,5.4
25,이도2동,201903,9,0,0,55.5,4033.68,38.0,1832654.19,5.4
24,이도2동,201904,8,1,0,46.4,4033.68,38.0,1777471.23,5.4
18,이도2동,201905,5,0,0,42.8,4033.68,38.0,1763211.48,5.4
27,이도2동,201906,8,0,0,145.8,4033.68,38.0,1757106.73,5.4
37,이도2동,201907,13,1,0,510.1,4033.68,38.0,1796826.39,5.4
29,이도2동,201908,12,0,0,242.3,4033.68,38.0,1782530.1,5.4
24,이도2동,201909,17,1,0,610.6,4033.68,38.0,1742455.93,5.4
25,이도2동,201910,9,0,0,188.6,4033.68,38.0,1743198.52,5.4
31,이도2동,201911,7,0,0,27.5,4033.68,38.0,1776456.3,5.4
27,이도2동,201912,7,0,1,48.2,4033.68,38.0,1751806.68,5.4
20,이도2동,202001,10,0,0,116.7,3424.97,38.0,1778132.32,5.4
24,이도2동,202002,10,0,4,29.8,3424.97,38.0,1785507.34,5.4
17,이도2동,202003,8,1,0,81.6,3424.97,38.0,1795885.42,5.4
17,이도2동,202004,6,0,0,82.3,3424.97,38.0,1769561.17,5.4
21,이도2동,202005,9,6,0,20.6,3424.97,38.0,1762144.9,5.4
29,이도2동,202006,12,5,0,221.5,3424.97,38.0,1771578.53,5.4
23,이도2동,202007,18,2,0,184.7,3424.97,38.0,1796239.03,5.4
21,이도2동,202008,9,0,0,140.4,3424.97,38.0,1776285.84,5.4
26,이도2동,202009,14,1,0,400.5,3424.97,38.0,1766850.23,5.4
35,이도2동,202010,4,0,0,53.7,3424.97,38.0,1799055.1,5.4
26,이도2동,202011,7,0,0,28.2,3424.97,38.0,1917424.4,5.4
24,이도2동,202012,6,0,5,29.5,3424.97,38.0,1912147.52,5.4
1,이호동,201801,18,0,12,58.0,77.5,5.0,146809.0,2.56
0,이호동,201802,11,0,8,86.6,77.5,5.0,145515.86,2.56
2,이호동,201803,10,2,0,118.0,77.5,5.0,143248.65,2.56
0,이호동,201804,8,0,1,112.5,77.5,5.0,149040.97,2.56
2,이호동,201805,12,4,0,98.8,77.5,5.0,149585.06,2.56
5,이호동,201806,12,0,0,211.1,77.5,5.0,149254.77,2.56
0,이호동,201807,6,0,0,48.7,77.5,5.0,157984.9,2.56
6,이호동,201808,10,0,0,376.5,77.5,5.0,158453.1,2.56
3,이호동,201809,13,0,0,187.7,77.5,5.0,141646.27,2.56
2,이호동,201810,6,0,0,347.0,77.5,5.0,144661.06,2.56
5,이호동,201811,6,0,0,28.6,77.5,5.0,141430.43,2.56
3,이호동,201812,13,0,5,96.0,77.5,5.0,140956.71,2.56
2,이호동,201901,5,0,1,24.2,100.78,5.0,146965.52,2.56
4,이호동,201902,7,0,3,37.9,100.78,5.0,146856.86,2.56
3,이호동,201903,9,0,0,55.5,100.78,5.0,143529.94,2.56
2,이호동,201904,8,1,0,46.4,100.78,5.0,146443.47,2.56
3,이호동,201905,5,0,0,42.8,100.78,5.0,147233.65,2.56
4,이호동,201906,8,0,0,145.8,100.78,5.0,146975.7,2.56
1,이호동,201907,13,1,0,510.1,100.78,5.0,157320.77,2.56
3,이호동,201908,12,0,0,242.3,100.78,5.0,160203.35,2.56
2,이호동,201909,17,1,0,610.6,100.78,5.0,142819.67,2.56
4,이호동,201910,9,0,0,188.6,100.78,5.0,146919.35,2.56
5,이호동,201911,7,0,0,27.5,100.78,5.0,147452.87,2.56
1,이호동,201912,7,0,1,48.2,100.78,5.0,145974.29,2.56
1,이호동,202001,10,0,0,116.7,65.54,5.0,150823.9,2.56
3,이호동,202002,10,0,4,29.8,65.54,5.0,144685.97,2.56
3,이호동,202003,8,1,0,81.6,65.54,5.0,142880.39,2.56
0,이호동,202004,6,0,0,82.3,65.54,5.0,143511.17,2.56
3,이호동,202005,9,6,0,20.6,65.54,5.0,149334.77,2.56
7,이호동,202006,12,5,0,221.5,65.54,5.0,150258.03,2.56
4,이호동,202007,18,2,0,184.7,65.54,5.0,158463.45,2.56
2,이호동,202008,9,0,0,140.4,65.54,5.0,167019.35,2.56
5,이호동,202009,14,1,0,400.5,65.54,5.0,149453.8,2.56
2,이호동,202010,4,0,0,53.7,65.54,5.0,154822.65,2.56
0,이호동,202011,7,0,0,28.2,65.54,5.0,151339.37,2.56
2,이호동,202012,6,0,5,29.5,65.54,5.0,146157.42,2.56
1,일도1동,201801,18,0,12,58.0,27.13,5.0,108300.77,0.33
1,일도1동,201802,11,0,8,86.6,27.13,5.0,107240.89,0.33
5,일도1동,201803,10,2,0,118.0,27.13,5.0,102849.16,0.33
4,일도1동,201804,8,0,1,112.5,27.13,5.0,105269.3,0.33
1,일도1동,201805,12,4,0,98.8,27.13,5.0,108220.52,0.33
3,일도1동,201806,12,0,0,211.1,27.13,5.0,109197.33,0.33
3,일도1동,201807,6,0,0,48.7,27.13,5.0,105984.81,0.33
1,일도1동,201808,10,0,0,376.5,27.13,5.0,103227.26,0.33
5,일도1동,201809,13,0,0,187.7,27.13,5.0,102668.9,0.33
8,일도1동,201810,6,0,0,347.0,27.13,5.0,100122.16,0.33
1,일도1동,201811,6,0,0,28.6,27.13,5.0,98077.87,0.33
1,일도1동,201812,13,0,5,96.0,27.13,5.0,100495.97,0.33
2,일도1동,201901,5,0,1,24.2,32.04,5.0,100723.55,0.33
5,일도1동,201902,7,0,3,37.9,32.04,5.0,104418.21,0.33
2,일도1동,201903,9,0,0,55.5,32.04,5.0,95479.26,0.33
0,일도1동,201904,8,1,0,46.4,32.04,5.0,95115.03,0.33
2,일도1동,201905,5,0,0,42.8,32.04,5.0,95447.39,0.33
2,일도1동,201906,8,0,0,145.8,32.04,5.0,94635.17,0.33
4,일도1동,201907,13,1,0,510.1,32.04,5.0,98874.16,0.33
2,일도1동,201908,12,0,0,242.3,32.04,5.0,100106.97,0.33
2,일도1동,201909,17,1,0,610.6,32.04,5.0,96209.8,0.33
1,일도1동,201910,9,0,0,188.6,32.04,5.0,99562.9,0.33
3,일도1동,201911,7,0,0,27.5,32.04,5.0,109228.03,0.33
4,일도1동,201912,7,0,1,48.2,32.04,5.0,111709.68,0.33
1,일도1동,202001,10,0,0,116.7,61.29,5.0,109939.68,0.33
1,일도1동,202002,10,0,4,29.8,61.29,5.0,61471.48,0.33
6,일도1동,202003,8,1,0,81.6,61.29,5.0,89683.81,0.33
0,일도1동,202004,6,0,0,82.3,61.29,5.0,89627.13,0.33
3,일도1동,202005,9,6,0,20.6,61.29,5.0,94080.74,0.33
4,일도1동,202006,12,5,0,221.5,61.29,5.0,91504.97,0.33
2,일도1동,202007,18,2,0,184.7,61.29,5.0,93544.65,0.33
4,일도1동,202008,9,0,0,140.4,61.29,5.0,93273.58,0.33
4,일도1동,202009,14,1,0,400.5,61.29,5.0,89472.03,0.33
0,일도1동,202010,4,0,0,53.7,61.29,5.0,92909.45,0.33
2,일도1동,202011,7,0,0,28.2,61.29,5.0,98592.1,0.33
1,일도1동,202012,6,0,5,29.5,61.29,5.0,88804.03,0.33
7,일도2동,201801,18,0,12,58.0,679.68,17.0,985245.48,2.18
12,일도2동,201802,11,0,8,86.6,679.68,17.0,999130.0,2.18
10,일도2동,201803,10,2,0,118.0,679.68,17.0,917379.71,2.18
13,일도2동,201804,8,0,1,112.5,679.68,17.0,902626.63,2.18
7,일도2동,201805,12,4,0,98.8,679.68,17.0,904835.52,2.18
11,일도2동,201806,12,0,0,211.1,679.68,17.0,907994.37,2.18
9,일도2동,201807,6,0,0,48.7,679.68,17.0,935348.68,2.18
10,일도2동,201808,10,0,0,376.5,679.68,17.0,928702.35,2.18
10,일도2동,201809,13,0,0,187.7,679.68,17.0,913914.13,2.18
8,일도2동,201810,6,0,0,347.0,679.68,17.0,894710.26,2.18
13,일도2동,201811,6,0,0,28.6,679.68,17.0,892820.87,2.18
11,일도2동,201812,13,0,5,96.0,679.68,17.0,929542.74,2.18
12,일도2동,201901,5,0,1,24.2,760.04,17.0,949732.77,2.18
10,일도2동,201902,7,0,3,37.9,760.04,17.0,955150.04,2.18
11,일도2동,201903,9,0,0,55.5,760.04,17.0,881813.84,2.18
7,일도2동,201904,8,1,0,46.4,760.04,17.0,867444.93,2.18
9,일도2동,201905,5,0,0,42.8,760.04,17.0,863741.48,2.18
4,일도2동,201906,8,0,0,145.8,760.04,17.0,862661.47,2.18
10,일도2동,201907,13,1,0,510.1,760.04,17.0,890037.58,2.18
17,일도2동,201908,12,0,0,242.3,760.04,17.0,889509.1,2.18
10,일도2동,201909,17,1,0,610.6,760.04,17.0,880590.43,2.18
15,일도2동,201910,9,0,0,188.6,760.04,17.0,860521.45,2.18
16,일도2동,201911,7,0,0,27.5,760.04,17.0,882624.93,2.18
9,일도2동,201912,7,0,1,48.2,760.04,17.0,897731.87,2.18
8,일도2동,202001,10,0,0,116.7,1087.9,17.0,891732.45,2.18
12,일도2동,202002,10,0,4,29.8,1087.9,17.0,891015.52,2.18
12,일도2동,202003,8,1,0,81.6,1087.9,17.0,909920.55,2.18
8,일도2동,202004,6,0,0,82.3,1087.9,17.0,895716.9,2.18
11,일도2동,202005,9,6,0,20.6,1087.9,17.0,886233.81,2.18
11,일도2동,202006,12,5,0,221.5,1087.9,17.0,861485.5,2.18
10,일도2동,202007,18,2,0,184.7,1087.9,17.0,864960.32,2.18
13,일도2동,202008,9,0,0,140.4,1087.9,17.0,867416.61,2.18
7,일도2동,202009,14,1,0,400.5,1087.9,17.0,858672.63,2.18
6,일도2동,202010,4,0,0,53.7,1087.9,17.0,859870.61,2.18
9,일도2동,202011,7,0,0,28.2,1087.9,17.0,900277.57,2.18
6,일도2동,202012,6,0,5,29.5,1087.9,17.0,941952.48,2.18
2,정방동,201801,13,12,0,63.7,26.01,2.0,160685.68,0.44
2,정방동,201802,9,8,0,10.5,26.01,2.0,145891.79,0.44
8,정방동,201803,11,0,0,151.6,26.01,2.0,132245.26,0.44
4,정방동,201804,10,1,0,312.0,26.01,2.0,140790.53,0.44
4,정방동,201805,18,0,0,356.1,26.01,2.0,147017.13,0.44
5,정방동,201806,12,0,0,304.3,26.01,2.0,133206.07,0.44
4,정방동,201807,7,0,0,23.2,26.01,2.0,140753.9,0.44
5,정방동,201808,7,2,0,159.6,26.01,2.0,143747.23,0.44
2,정방동,201809,16,0,0,473.8,26.01,2.0,131508.77,0.44
3,정방동,201810,7,0,0,210.2,26.01,2.0,140932.42,0.44
2,정방동,201811,9,0,0,55.6,26.01,2.0,129853.7,0.44
5,정방동,201812,10,0,2,45.6,26.01,2.0,140292.74,0.44
1,정방동,201901,7,1,0,21.7,40.64,2.0,162034.81,0.44
3,정방동,201902,8,0,0,37.7,40.64,2.0,149495.43,0.44
0,정방동,201903,10,0,0,64.8,40.64,2.0,137436.45,0.44
5,정방동,201904,8,3,0,89.2,40.64,2.0,136086.97,0.44
3,정방동,201905,7,1,0,376.7,40.64,2.0,144293.29,0.44
2,정방동,201906,9,3,0,189.1,40.64,2.0,130384.07,0.44
1,정방동,201907,16,8,0,452.1,40.64,2.0,139963.19,0.44
2,정방동,201908,11,0,0,317.3,40.64,2.0,147492.71,0.44
2,정방동,201909,17,0,0,394.9,40.64,2.0,134342.77,0.44
5,정방동,201910,7,0,0,150.6,40.64,2.0,146944.94,0.44
3,정방동,201911,7,0,0,31.3,40.64,2.0,137777.9,0.44
3,정방동,201912,7,0,0,84.9,40.64,2.0,138696.42,0.44
2,정방동,202001,10,0,0,110.1,91.82,2.0,157921.03,0.44
3,정방동,202002,10,0,3,95.5,91.82,2.0,124172.93,0.44
7,정방동,202003,8,2,0,132.2,91.82,2.0,114952.42,0.44
4,정방동,202004,5,0,0,81.8,91.82,2.0,106125.83,0.44
6,정방동,202005,11,8,0,244.0,91.82,2.0,114853.23,0.44
1,정방동,202006,13,11,0,406.1,91.82,2.0,114760.37,0.44
7,정방동,202007,20,10,0,322.0,91.82,2.0,124157.94,0.44
3,정방동,202008,10,1,0,159.2,91.82,2.0,137667.29,0.44
3,정방동,202009,14,1,0,424.9,91.82,2.0,113969.0,0.44
1,정방동,202010,4,0,0,39.2,91.82,2.0,133735.1,0.44
4,정방동,202011,7,0,0,11.7,91.82,2.0,146439.17,0.44
1,정방동,202012,5,0,2,62.9,91.82,2.0,127532.71,0.44
4,조천읍,201801,18,0,12,58.0,15950.61,58.0,697637.32,150.64
6,조천읍,201802,11,0,8,86.6,15950.61,58.0,662749.54,150.64
6,조천읍,201803,10,2,0,118.0,15950.61,58.0,675329.87,150.64
13,조천읍,201804,8,0,1,112.5,15950.61,58.0,731974.1,150.64
12,조천읍,201805,12,4,0,98.8,15950.61,58.0,746518.19,150.64
15,조천읍,201806,12,0,0,211.1,15950.61,58.0,747566.57,150.64
17,조천읍,201807,6,0,0,48.7,15950.61,58.0,759783.55,150.64
10,조천읍,201808,10,0,0,376.5,15950.61,58.0,790997.19,150.64
14,조천읍,201809,13,0,0,187.7,15950.61,58.0,731105.8,150.64
12,조천읍,201810,6,0,0,347.0,15950.61,58.0,746852.68,150.64
13,조천읍,201811,6,0,0,28.6,15950.61,58.0,717609.47,150.64
11,조천읍,201812,13,0,5,96.0,15950.61,58.0,680149.42,150.64
10,조천읍,201901,5,0,1,24.2,20276.1,58.0,710562.81,150.64
10,조천읍,201902,7,0,3,37.9,20276.1,58.0,708294.93,150.64
11,조천읍,201903,9,0,0,55.5,20276.1,58.0,707103.19,150.64
13,조천읍,201904,8,1,0,46.4,20276.1,58.0,751362.2,150.64
9,조천읍,201905,5,0,0,42.8,20276.1,58.0,777013.23,150.64
8,조천읍,201906,8,0,0,145.8,20276.1,58.0,767099.17,150.64
17,조천읍,201907,13,1,0,510.1,20276.1,58.0,797833.65,150.64
4,조천읍,201908,12,0,0,242.3,20276.1,58.0,819462.94,150.64
10,조천읍,201909,17,1,0,610.6,20276.1,58.0,719794.43,150.64
10,조천읍,201910,9,0,0,188.6,20276.1,58.0,768624.9,150.64
11,조천읍,201911,7,0,0,27.5,20276.1,58.0,772618.07,150.64
12,조천읍,201912,7,0,1,48.2,20276.1,58.0,761662.81,150.64
11,조천읍,202001,10,0,0,116.7,16413.15,58.0,768241.65,150.64
12,조천읍,202002,10,0,4,29.8,16413.15,58.0,708877.55,150.64
19,조천읍,202003,8,1,0,81.6,16413.15,58.0,699658.65,150.64
15,조천읍,202004,6,0,0,82.3,16413.15,58.0,700649.87,150.64
9,조천읍,202005,9,6,0,20.6,16413.15,58.0,738002.65,150.64
8,조천읍,202006,12,5,0,221.5,16413.15,58.0,740228.27,150.64
11,조천읍,202007,18,2,0,184.7,16413.15,58.0,773906.26,150.64
21,조천읍,202008,9,0,0,140.4,16413.15,58.0,839244.32,150.64
14,조천읍,202009,14,1,0,400.5,16413.15,58.0,735248.13,150.64
16,조천읍,202010,4,0,0,53.7,16413.15,58.0,795394.32,150.64
17,조천읍,202011,7,0,0,28.2,16413.15,58.0,827337.63,150.64
5,조천읍,202012,6,0,5,29.5,16413.15,58.0,771299.65,150.64
6,중문동,201801,13,12,0,63.7,8438.57,18.0,286851.9,56.44
7,중문동,201802,9,8,0,10.5,8438.57,18.0,271252.79,56.44
7,중문동,201803,11,0,0,151.6,8438.57,18.0,272076.16,56.44
6,중문동,201804,10,1,0,312.0,8438.57,18.0,289215.43,56.44
3,중문동,201805,18,0,0,356.1,8438.57,18.0,294111.87,56.44
2,중문동,201806,12,0,0,304.3,8438.57,18.0,292502.7,56.44
4,중문동,201807,7,0,0,23.2,8438.57,18.0,302309.06,56.44
8,중문동,201808,7,2,0,159.6,8438.57,18.0,323089.29,56.44
8,중문동,201809,16,0,0,473.8,8438.57,18.0,303200.73,56.44
6,중문동,201810,7,0,0,210.2,8438.57,18.0,312216.94,56.44
6,중문동,201811,9,0,0,55.6,8438.57,18.0,314144.4,56.44
7,중문동,201812,10,0,2,45.6,8438.57,18.0,306846.39,56.44
1,중문동,201901,7,1,0,21.7,11632.9,18.0,317249.71,56.44
4,중문동,201902,8,0,0,37.7,11632.9,18.0,312752.32,56.44
5,중문동,201903,10,0,0,64.8,11632.9,18.0,312655.71,56.44
5,중문동,201904,8,3,0,89.2,11632.9,18.0,325965.93,56.44
10,중문동,201905,7,1,0,376.7,11632.9,18.0,334992.77,56.44
5,중문동,201906,9,3,0,189.1,11632.9,18.0,328598.7,56.44
6,중문동,201907,16,8,0,452.1,11632.9,18.0,337637.1,56.44
5,중문동,201908,11,0,0,317.3,11632.9,18.0,354152.19,56.44
8,중문동,201909,17,0,0,394.9,11632.9,18.0,323773.5,56.44
6,중문동,201910,7,0,0,150.6,11632.9,18.0,343723.84,56.44
13,중문동,201911,7,0,0,31.3,11632.9,18.0,347204.33,56.44
6,중문동,201912,7,0,0,84.9,11632.9,18.0,353980.26,56.44
8,중문동,202001,10,0,0,110.1,10935.77,18.0,359160.81,56.44
4,중문동,202002,10,0,3,95.5,10935.77,18.0,329074.28,56.44
4,중문동,202003,8,2,0,132.2,10935.77,18.0,326889.1,56.44
5,중문동,202004,5,0,0,81.8,10935.77,18.0,321176.77,56.44
9,중문동,202005,11,8,0,244.0,10935.77,18.0,336048.29,56.44
6,중문동,202006,13,11,0,406.1,10935.77,18.0,348444.1,56.44
7,중문동,202007,20,10,0,322.0,10935.77,18.0,359146.65,56.44
8,중문동,202008,10,1,0,159.2,10935.77,18.0,382735.42,56.44
10,중문동,202009,14,1,0,424.9,10935.77,18.0,356402.53,56.44
8,중문동,202010,4,0,0,39.2,10935.77,18.0,379213.26,56.44
6,중문동,202011,7,0,0,11.7,10935.77,18.0,408772.47,56.44
6,중문동,202012,5,0,2,62.9,10935.77,18.0,392966.32,56.44
5,중앙동,201801,13,12,0,63.7,64.91,3.0,163510.26,0.35
2,중앙동,201802,9,8,0,10.5,64.91,3.0,160965.54,0.35
7,중앙동,201803,11,0,0,151.6,64.91,3.0,157302.65,0.35
4,중앙동,201804,10,1,0,312.0,64.91,3.0,155890.73,0.35
6,중앙동,201805,18,0,0,356.1,64.91,3.0,158835.55,0.35
6,중앙동,201806,12,0,0,304.3,64.91,3.0,161450.77,0.35
4,중앙동,201807,7,0,0,23.2,64.91,3.0,166354.16,0.35
8,중앙동,201808,7,2,0,159.6,64.91,3.0,164559.94,0.35
4,중앙동,201809,16,0,0,473.8,64.91,3.0,157182.9,0.35
6,중앙동,201810,7,0,0,210.2,64.91,3.0,166630.23,0.35
5,중앙동,201811,9,0,0,55.6,64.91,3.0,160338.53,0.35
13,중앙동,201812,10,0,2,45.6,64.91,3.0,167836.48,0.35
5,중앙동,201901,7,1,0,21.7,109.99,3.0,177226.35,0.35
2,중앙동,201902,8,0,0,37.7,109.99,3.0,170458.82,0.35
1,중앙동,201903,10,0,0,64.8,109.99,3.0,166341.48,0.35
7,중앙동,201904,8,3,0,89.2,109.99,3.0,166247.83,0.35
7,중앙동,201905,7,1,0,376.7,109.99,3.0,160100.74,0.35
7,중앙동,201906,9,3,0,189.1,109.99,3.0,152310.1,0.35
5,중앙동,201907,16,8,0,452.1,109.99,3.0,157572.26,0.35
10,중앙동,201908,11,0,0,317.3,109.99,3.0,156733.71,0.35
0,중앙동,201909,17,0,0,394.9,109.99,3.0,151497.57,0.35
6,중앙동,201910,7,0,0,150.6,109.99,3.0,152697.77,0.35
2,중앙동,201911,7,0,0,31.3,109.99,3.0,156799.67,0.35
3,중앙동,201912,7,0,0,84.9,109.99,3.0,159269.35,0.35
3,중앙동,202001,10,0,0,110.1,66.27,3.0,159639.87,0.35
3,중앙동,202002,10,0,3,95.5,66.27,3.0,144778.0,0.35
4,중앙동,202003,8,2,0,132.2,66.27,3.0,146148.23,0.35
3,중앙동,202004,5,0,0,81.8,66.27,3.0,147459.5,0.35
1,중앙동,202005,11,8,0,244.0,66.27,3.0,142786.35,0.35
4,중앙동,202006,13,11,0,406.1,66.27,3.0,150955.93,0.35
5,중앙동,202007,20,10,0,322.0,66.27,3.0,159721.52,0.35
4,중앙동,202008,10,1,0,159.2,66.27,3.0,154705.68,0.35
7,중앙동,202009,14,1,0,424.9,66.27,3.0,145560.43,0.35
1,중앙동,202010,4,0,0,39.2,66.27,3.0,153337.65,0.35
7,중앙동,202011,7,0,0,11.7,66.27,3.0,164953.73,0.35
4,중앙동,202012,5,0,2,62.9,66.27,3.0,158842.32,0.35
2,천지동,201801,13,12,0,63.7,26.42,3.0,73006.48,1.39
3,천지동,201802,9,8,0,10.5,26.42,3.0,57176.14,1.39
3,천지동,201803,11,0,0,151.6,26.42,3.0,52728.45,1.39
2,천지동,201804,10,1,0,312.0,26.42,3.0,60445.2,1.39
4,천지동,201805,18,0,0,356.1,26.42,3.0,62914.61,1.39
3,천지동,201806,12,0,0,304.3,26.42,3.0,59839.23,1.39
3,천지동,201807,7,0,0,23.2,26.42,3.0,58017.74,1.39
5,천지동,201808,7,2,0,159.6,26.42,3.0,64202.97,1.39
4,천지동,201809,16,0,0,473.8,26.42,3.0,62286.67,1.39
3,천지동,201810,7,0,0,210.2,26.42,3.0,62657.71,1.39
7,천지동,201811,9,0,0,55.6,26.42,3.0,60887.87,1.39
4,천지동,201812,10,0,2,45.6,26.42,3.0,60337.77,1.39
2,천지동,201901,7,1,0,21.7,60.7,3.0,68047.87,1.39
6,천지동,201902,8,0,0,37.7,60.7,3.0,60438.96,1.39
2,천지동,201903,10,0,0,64.8,60.7,3.0,56862.58,1.39
4,천지동,201904,8,3,0,89.2,60.7,3.0,57069.03,1.39
2,천지동,201905,7,1,0,376.7,60.7,3.0,59364.87,1.39
9,천지동,201906,9,3,0,189.1,60.7,3.0,56973.1,1.39
3,천지동,201907,16,8,0,452.1,60.7,3.0,61277.97,1.39
3,천지동,201908,11,0,0,317.3,60.7,3.0,60527.32,1.39
9,천지동,201909,17,0,0,394.9,60.7,3.0,54415.17,1.39
5,천지동,201910,7,0,0,150.6,60.7,3.0,58811.06,1.39
4,천지동,201911,7,0,0,31.3,60.7,3.0,55517.67,1.39
2,천지동,201912,7,0,0,84.9,60.7,3.0,56238.77,1.39
5,천지동,202001,10,0,0,110.1,24.18,3.0,61859.45,1.39
1,천지동,202002,10,0,3,95.5,24.18,3.0,54331.59,1.39
3,천지동,202003,8,2,0,132.2,24.18,3.0,51165.55,1.39
2,천지동,202004,5,0,0,81.8,24.18,3.0,49620.93,1.39
4,천지동,202005,11,8,0,244.0,24.18,3.0,54699.16,1.39
0,천지동,202006,13,11,0,406.1,24.18,3.0,54284.87,1.39
2,천지동,202007,20,10,0,322.0,24.18,3.0,59486.68,1.39
3,천지동,202008,10,1,0,159.2,24.18,3.0,67910.94,1.39
5,천지동,202009,14,1,0,424.9,24.18,3.0,58905.47,1.39
4,천지동,202010,4,0,0,39.2,24.18,3.0,64157.81,1.39
3,천지동,202011,7,0,0,11.7,24.18,3.0,66033.63,1.39
2,천지동,202012,5,0,2,62.9,24.18,3.0,59444.71,1.39
5,표선면,201801,20,12,0,102.4,8787.82,26.0,343530.77,135.16
6,표선면,201802,13,8,0,125.7,8787.82,26.0,329276.64,135.16
7,표선면,201803,12,0,0,179.5,8787.82,26.0,338966.97,135.16
10,표선면,201804,11,1,0,234.1,8787.82,26.0,385237.0,135.16
1,표선면,201805,19,0,0,151.8,8787.82,26.0,377484.19,135.16
7,표선면,201806,13,0,0,377.2,8787.82,26.0,368634.1,135.16
10,표선면,201807,7,0,0,41.8,8787.82,26.0,371868.1,135.16
5,표선면,201808,8,2,0,125.0,8787.82,26.0,383282.71,135.16
11,표선면,201809,16,0,0,521.8,8787.82,26.0,357288.4,135.16
9,표선면,201810,7,0,0,184.2,8787.82,26.0,360024.32,135.16
6,표선면,201811,9,0,0,45.9,8787.82,26.0,348571.13,135.16
8,표선면,201812,13,0,2,57.3,8787.82,26.0,341545.55,135.16
5,표선면,201901,8,1,0,16.2,11943.11,26.0,346739.19,135.16
5,표선면,201902,7,0,0,77.4,11943.11,26.0,346494.11,135.16
7,표선면,201903,9,0,0,133.5,11943.11,26.0,346377.16,135.16
6,표선면,201904,9,3,0,132.5,11943.11,26.0,382993.87,135.16
8,표선면,201905,8,1,0,247.3,11943.11,26.0,377368.81,135.16
7,표선면,201906,10,3,0,170.2,11943.11,26.0,371319.5,135.16
7,표선면,201907,13,8,0,516.5,11943.11,26.0,379631.39,135.16
5,표선면,201908,11,0,0,377.4,11943.11,26.0,393695.65,135.16
6,표선면,201909,16,0,0,613.3,11943.11,26.0,357630.47,135.16
6,표선면,201910,8,0,0,233.9,11943.11,26.0,375344.29,135.16
4,표선면,201911,10,0,0,36.2,11943.11,26.0,362653.47,135.16
7,표선면,201912,10,0,0,103.7,11943.11,26.0,371042.68,135.16
11,표선면,202001,11,0,0,94.4,13887.35,26.0,374543.16,135.16
5,표선면,202002,13,0,3,98.7,13887.35,26.0,331641.34,135.16
3,표선면,202003,10,2,0,110.7,13887.35,26.0,335209.81,135.16
3,표선면,202004,6,0,0,87.0,13887.35,26.0,341036.17,135.16
8,표선면,202005,10,8,0,246.4,13887.35,26.0,356623.48,135.16
4,표선면,202006,14,11,0,326.6,13887.35,26.0,364907.13,135.16
11,표선면,202007,19,10,0,378.1,13887.35,26.0,377098.61,135.16
6,표선면,202008,9,1,0,204.7,13887.35,26.0,404529.19,135.16
3,표선면,202009,16,1,0,469.3,13887.35,26.0,357082.53,135.16
6,표선면,202010,5,0,0,34.4,13887.35,26.0,391597.74,135.16
4,표선면,202011,7,0,0,14.9,13887.35,26.0,412786.8,135.16
2,표선면,202012,8,0,2,51.0,13887.35,26.0,377481.03,135.16
6,한경면,201801,11,0,12,47.7,996.03,18.0,200858.65,79.03
6,한경면,201802,7,0,8,75.0,996.03,18.0,201725.71,79.03
6,한경면,201803,10,2,0,101.2,996.03,18.0,205646.65,79.03
1,한경면,201804,8,0,1,175.6,996.03,18.0,218877.87,79.03
3,한경면,201805,13,4,0,256.7,996.03,18.0,211763.94,79.03
5,한경면,201806,11,0,0,186.7,996.03,18.0,213634.47,79.03
8,한경면,201807,4,0,0,20.8,996.03,18.0,214056.16,79.03
7,한경면,201808,10,0,0,127.2,996.03,18.0,222229.71,79.03
3,한경면,201809,12,0,0,136.6,996.03,18.0,220417.7,79.03
4,한경면,201810,7,0,0,121.2,996.03,18.0,211009.9,79.03
6,한경면,201811,9,0,0,42.1,996.03,18.0,207041.9,79.03
3,한경면,201812,12,0,5,55.0,996.03,18.0,203434.84,79.03
6,한경면,201901,8,0,1,17.4,2125.28,18.0,213060.32,79.03
5,한경면,201902,9,0,3,34.1,2125.28,18.0,214565.68,79.03
3,한경면,201903,11,0,0,46.0,2125.28,18.0,211777.16,79.03
4,한경면,201904,5,1,0,27.9,2125.28,18.0,222448.4,79.03
8,한경면,201905,7,0,0,122.6,2125.28,18.0,225140.97,79.03
5,한경면,201906,7,0,0,172.9,2125.28,18.0,225671.33,79.03
7,한경면,201907,14,1,0,191.3,2125.28,18.0,227503.71,79.03
2,한경면,201908,14,0,0,321.5,2125.28,18.0,236753.81,79.03
4,한경면,201909,15,1,0,400.1,2125.28,18.0,223566.33,79.03
10,한경면,201910,5,0,0,127.2,2125.28,18.0,228525.68,79.03
4,한경면,201911,8,0,0,16.1,2125.28,18.0,216990.03,79.03
4,한경면,201912,7,0,1,83.8,2125.28,18.0,214923.42,79.03
4,한경면,202001,11,0,0,76.1,1926.22,18.0,223320.68,79.03
7,한경면,202002,10,0,4,41.6,1926.22,18.0,221145.41,79.03
3,한경면,202003,8,1,0,61.2,1926.22,18.0,230019.06,79.03
1,한경면,202004,5,0,0,32.5,1926.22,18.0,232081.07,79.03
3,한경면,202005,10,6,0,90.3,1926.22,18.0,244770.52,79.03
6,한경면,202006,12,5,0,290.5,1926.22,18.0,240077.7,79.03
8,한경면,202007,17,2,0,247.8,1926.22,18.0,247805.13,79.03
4,한경면,202008,11,0,0,181.2,1926.22,18.0,262383.65,79.03
5,한경면,202009,13,1,0,132.8,1926.22,18.0,258357.2,79.03
8,한경면,202010,4,0,0,34.7,1926.22,18.0,266142.0,79.03
6,한경면,202011,7,0,0,19.4,1926.22,18.0,261297.57,79.03
6,한경면,202012,9,0,5,20.8,1926.22,18.0,257665.65,79.03
20,한림읍,201801,11,0,12,47.7,6732.3,35.0,639968.19,91.09
11,한림읍,201802,7,0,8,75.0,6732.3,35.0,608144.75,91.09
8,한림읍,201803,10,2,0,101.2,6732.3,35.0,640886.29,91.09
11,한림읍,201804,8,0,1,175.6,6732.3,35.0,683006.4,91.09
19,한림읍,201805,13,4,0,256.7,6732.3,35.0,685050.87,91.09
18,한림읍,201806,11,0,0,186.7,6732.3,35.0,690337.4,91.09
13,한림읍,201807,4,0,0,20.8,6732.3,35.0,705525.52,91.09
18,한림읍,201808,10,0,0,127.2,6732.3,35.0,732421.97,91.09
13,한림읍,201809,12,0,0,136.6,6732.3,35.0,674548.4,91.09
13,한림읍,201810,7,0,0,121.2,6732.3,35.0,671619.48,91.09
9,한림읍,201811,9,0,0,42.1,6732.3,35.0,641568.33,91.09
16,한림읍,201812,12,0,5,55.0,6732.3,35.0,626690.55,91.09
13,한림읍,201901,8,0,1,17.4,9693.18,35.0,648405.29,91.09
13,한림읍,201902,9,0,3,34.1,9693.18,35.0,658730.93,91.09
14,한림읍,201903,11,0,0,46.0,9693.18,35.0,664841.81,91.09
11,한림읍,201904,5,1,0,27.9,9693.18,35.0,687638.1,91.09
11,한림읍,201905,7,0,0,122.6,9693.18,35.0,700614.58,91.09
12,한림읍,201906,7,0,0,172.9,9693.18,35.0,690254.77,91.09
13,한림읍,201907,14,1,0,191.3,9693.18,35.0,716307.03,91.09
15,한림읍,201908,14,0,0,321.5,9693.18,35.0,748322.13,91.09
13,한림읍,201909,15,1,0,400.1,9693.18,35.0,670464.23,91.09
11,한림읍,201910,5,0,0,127.2,9693.18,35.0,691304.45,91.09
12,한림읍,201911,8,0,0,16.1,9693.18,35.0,667815.17,91.09
10,한림읍,201912,7,0,1,83.8,9693.18,35.0,651622.55,91.09
11,한림읍,202001,11,0,0,76.1,10418.79,35.0,667665.32,91.09
15,한림읍,202002,10,0,4,41.6,10418.79,35.0,629560.86,91.09
12,한림읍,202003,8,1,0,61.2,10418.79,35.0,644907.9,91.09
12,한림읍,202004,5,0,0,32.5,10418.79,35.0,641409.5,91.09
11,한림읍,202005,10,6,0,90.3,10418.79,35.0,661530.55,91.09
8,한림읍,202006,12,5,0,290.5,10418.79,35.0,696903.33,91.09
12,한림읍,202007,17,2,0,247.8,10418.79,35.0,710786.9,91.09
11,한림읍,202008,11,0,0,181.2,10418.79,35.0,760483.81,91.09
14,한림읍,202009,13,1,0,132.8,10418.79,35.0,692746.83,91.09
6,한림읍,202010,4,0,0,34.7,10418.79,35.0,715834.0,91.09
17,한림읍,202011,7,0,0,19.4,10418.79,35.0,736129.43,91.09
8,한림읍,202012,9,0,5,20.8,10418.79,35.0,692472.87,91.09
7,화북동,201801,18,0,12,58.0,1823.64,24.0,832803.55,8.29
9,화북동,201802,11,0,8,86.6,1823.64,24.0,818952.82,8.29
11,화북동,201803,10,2,0,118.0,1823.64,24.0,809602.94,8.29
6,화북동,201804,8,0,1,112.5,1823.64,24.0,802789.47,8.29
9,화북동,201805,12,4,0,98.8,1823.64,24.0,794986.81,8.29
7,화북동,201806,12,0,0,211.1,1823.64,24.0,793650.47,8.29
15,화북동,201807,6,0,0,48.7,1823.64,24.0,810225.16,8.29
12,화북동,201808,10,0,0,376.5,1823.64,24.0,812601.16,8.29
3,화북동,201809,13,0,0,187.7,1823.64,24.0,811531.23,8.29
8,화북동,201810,6,0,0,347.0,1823.64,24.0,814929.35,8.29
8,화북동,201811,6,0,0,28.6,1823.64,24.0,812910.63,8.29
8,화북동,201812,13,0,5,96.0,1823.64,24.0,819913.87,8.29
5,화북동,201901,5,0,1,24.2,1946.77,24.0,813702.03,8.29
9,화북동,201902,7,0,3,37.9,1946.77,24.0,811516.57,8.29
11,화북동,201903,9,0,0,55.5,1946.77,24.0,804445.23,8.29
9,화북동,201904,8,1,0,46.4,1946.77,24.0,809898.43,8.29
16,화북동,201905,5,0,0,42.8,1946.77,24.0,799348.26,8.29
9,화북동,201906,8,0,0,145.8,1946.77,24.0,802851.87,8.29
6,화북동,201907,13,1,0,510.1,1946.77,24.0,812398.52,8.29
10,화북동,201908,12,0,0,242.3,1946.77,24.0,807975.0,8.29
6,화북동,201909,17,1,0,610.6,1946.77,24.0,811929.9,8.29
8,화북동,201910,9,0,0,188.6,1946.77,24.0,797720.06,8.29
13,화북동,201911,7,0,0,27.5,1946.77,24.0,794697.77,8.29
7,화북동,201912,7,0,1,48.2,1946.77,24.0,806813.94,8.29
10,화북동,202001,10,0,0,116.7,1084.46,24.0,804174.03,8.29
12,화북동,202002,10,0,4,29.8,1084.46,24.0,820297.97,8.29
11,화북동,202003,8,1,0,81.6,1084.46,24.0,832002.29,8.29
3,화북동,202004,6,0,0,82.3,1084.46,24.0,816716.6,8.29
7,화북동,202005,9,6,0,20.6,1084.46,24.0,811036.1,8.29
6,화북동,202006,12,5,0,221.5,1084.46,24.0,817525.83,8.29
11,화북동,202007,18,2,0,184.7,1084.46,24.0,833581.77,8.29
5,화북동,202008,9,0,0,140.4,1084.46,24.0,812778.87,8.29
14,화북동,202009,14,1,0,400.5,1084.46,24.0,814717.93,8.29
14,화북동,202010,4,0,0,53.7,1084.46,24.0,822392.13,8.29
8,화북동,202011,7,0,0,28.2,1084.46,24.0,861654.47,8.29
7,화북동,202012,6,0,5,29.5,1084.46,24.0,879009.03,8.29
1,효돈동,201801,13,12,0,63.7,8.06,7.0,131085.77,6.6
1,효돈동,201802,9,8,0,10.5,8.06,7.0,130148.57,6.6
1,효돈동,201803,11,0,0,151.6,8.06,7.0,115277.74,6.6
1,효돈동,201804,10,1,0,312.0,8.06,7.0,116321.47,6.6
2,효돈동,201805,18,0,0,356.1,8.06,7.0,118403.81,6.6
2,효돈동,201806,12,0,0,304.3,8.06,7.0,116938.33,6.6
2,효돈동,201807,7,0,0,23.2,8.06,7.0,120714.74,6.6
3,효돈동,201808,7,2,0,159.6,8.06,7.0,121284.74,6.6
2,효돈동,201809,16,0,0,473.8,8.06,7.0,119134.97,6.6
2,효돈동,201810,7,0,0,210.2,8.06,7.0,115838.74,6.6
2,효돈동,201811,9,0,0,55.6,8.06,7.0,119180.43,6.6
3,효돈동,201812,10,0,2,45.6,8.06,7.0,125952.87,6.6
11,효돈동,201901,7,1,0,21.7,13.12,7.0,127933.87,6.6
2,효돈동,201902,8,0,0,37.7,13.12,7.0,124818.21,6.6
1,효돈동,201903,10,0,0,64.8,13.12,7.0,112018.29,6.6
1,효돈동,201904,8,3,0,89.2,13.12,7.0,111421.23,6.6
4,효돈동,201905,7,1,0,376.7,13.12,7.0,113549.94,6.6
4,효돈동,201906,9,3,0,189.1,13.12,7.0,116247.97,6.6
4,효돈동,201907,16,8,0,452.1,13.12,7.0,120521.81,6.6
1,효돈동,201908,11,0,0,317.3,13.12,7.0,122741.13,6.6
6,효돈동,201909,17,0,0,394.9,13.12,7.0,120178.5,6.6
1,효돈동,201910,7,0,0,150.6,13.12,7.0,120113.39,6.6
2,효돈동,201911,7,0,0,31.3,13.12,7.0,124606.5,6.6
2,효돈동,201912,7,0,0,84.9,13.12,7.0,135219.97,6.6
6,효돈동,202001,10,0,0,110.1,358.69,7.0,144199.16,6.6
1,효돈동,202002,10,0,3,95.5,358.69,7.0,126717.28,6.6
2,효돈동,202003,8,2,0,132.2,358.69,7.0,125926.42,6.6
3,효돈동,202004,5,0,0,81.8,358.69,7.0,121476.4,6.6
4,효돈동,202005,11,8,0,244.0,358.69,7.0,124205.94,6.6
2,효돈동,202006,13,11,0,406.1,358.69,7.0,125011.2,6.6
1,효돈동,202007,20,10,0,322.0,358.69,7.0,128403.9,6.6
3,효돈동,202008,10,1,0,159.2,358.69,7.0,133238.68,6.6
1,효돈동,202009,14,1,0,424.9,358.69,7.0,129562.5,6.6
8,효돈동,202010,4,0,0,39.2,358.69,7.0,135584.61,6.6
3,효돈동,202011,7,0,0,11.7,358.69,7.0,140783.97,6.6
0,효돈동,202012,5,0,2,62.9,358.69,7.0,140786.1,6.6
